-- MySQL dump 10.13  Distrib 5.6.29, for osx10.10 (x86_64)
--
-- Host: localhost    Database: project3ag
-- ------------------------------------------------------
-- Server version	5.6.27

/*!40101 SET @OLD_CHARACTER_SET_CLIENT=@@CHARACTER_SET_CLIENT */;
/*!40101 SET @OLD_CHARACTER_SET_RESULTS=@@CHARACTER_SET_RESULTS */;
/*!40101 SET @OLD_COLLATION_CONNECTION=@@COLLATION_CONNECTION */;
/*!40101 SET NAMES utf8 */;
/*!40103 SET @OLD_TIME_ZONE=@@TIME_ZONE */;
/*!40103 SET TIME_ZONE='+00:00' */;
/*!40014 SET @OLD_UNIQUE_CHECKS=@@UNIQUE_CHECKS, UNIQUE_CHECKS=0 */;
/*!40014 SET @OLD_FOREIGN_KEY_CHECKS=@@FOREIGN_KEY_CHECKS, FOREIGN_KEY_CHECKS=0 */;
/*!40101 SET @OLD_SQL_MODE=@@SQL_MODE, SQL_MODE='NO_AUTO_VALUE_ON_ZERO' */;
/*!40111 SET @OLD_SQL_NOTES=@@SQL_NOTES, SQL_NOTES=0 */;

--
-- Table structure for table `Course`
--

DROP TABLE IF EXISTS `Course`;
/*!40101 SET @saved_cs_client     = @@character_set_client */;
/*!40101 SET character_set_client = utf8 */;
CREATE TABLE `Course` (
  `id` int(11) NOT NULL,
  `name` varchar(100) NOT NULL,
  `number` varchar(50) NOT NULL,
  `fall` tinyint(1) NOT NULL,
  `spring` tinyint(1) NOT NULL,
  `summer` tinyint(1) NOT NULL,
  `availability` varchar(50) NOT NULL,
  PRIMARY KEY (`id`)
) ENGINE=InnoDB DEFAULT CHARSET=utf8;
/*!40101 SET character_set_client = @saved_cs_client */;

--
-- Dumping data for table `Course`
--

LOCK TABLES `Course` WRITE;
/*!40000 ALTER TABLE `Course` DISABLE KEYS */;
INSERT INTO `Course` VALUES (1,'Advanced Operating Systems','6210',1,0,0,'Fall Only'),(2,'Computer Networks','6250',1,1,1,'All'),(3,'Software Development Process','6300',1,1,1,'All'),(4,'Machine Learning','7641',1,1,1,'All'),(5,'High Performance Computer Architecture','6290',0,1,0,'Spring Only'),(6,'Software Architecture and Design','6310',1,1,1,'All'),(7,'Intro to Health Informatics','6440',1,0,0,'Fall Only'),(8,'Computability, Complexity and Algorithms','6505',1,1,1,'All'),(9,'Knowledge-Based Artificial Intelligence, Cognitive Systems','7637',1,1,1,'All'),(10,'Computer Vision','4495',0,1,0,'Spring Only'),(11,'Computational Photography','6475',1,0,0,'Fall Only'),(12,'Introduction to Operating Systems','8803-002',1,1,1,'All'),(13,'Artificial Intelligence for Robotics','8803-001',1,1,1,'All'),(14,'Introduction to Information Security','6035',0,1,0,'Spring Only'),(15,'High-Performance Computing','6220',1,0,0,'Fall Only'),(16,'Machine Learning for Trading','7646',0,1,0,'Spring Only'),(17,'Special Topics: Reinforcement Learning','8803',1,0,0,'Fall Only'),(18,'Special Topics: Big Data','8803',0,1,0,'Spring Only');
/*!40000 ALTER TABLE `Course` ENABLE KEYS */;
UNLOCK TABLES;

--
-- Table structure for table `CourseDependency`
--

DROP TABLE IF EXISTS `CourseDependency`;
/*!40101 SET @saved_cs_client     = @@character_set_client */;
/*!40101 SET character_set_client = utf8 */;
CREATE TABLE `CourseDependency` (
  `id` int(11) NOT NULL AUTO_INCREMENT,
  `prereq` int(11) NOT NULL,
  `dependency` int(11) NOT NULL,
  PRIMARY KEY (`id`),
  UNIQUE KEY `CourseDependencyPrereqIdx` (`prereq`,`dependency`),
  KEY `CourseDependencyDepIdx` (`dependency`),
  CONSTRAINT `CourseDependencyFkDepCourseId` FOREIGN KEY (`dependency`) REFERENCES `Course` (`id`) ON DELETE CASCADE,
  CONSTRAINT `CourseDependencyFkPreCourseId` FOREIGN KEY (`prereq`) REFERENCES `Course` (`id`) ON DELETE CASCADE
) ENGINE=InnoDB AUTO_INCREMENT=5 DEFAULT CHARSET=utf8;
/*!40101 SET character_set_client = @saved_cs_client */;

--
-- Dumping data for table `CourseDependency`
--

LOCK TABLES `CourseDependency` WRITE;
/*!40000 ALTER TABLE `CourseDependency` DISABLE KEYS */;
INSERT INTO `CourseDependency` VALUES (4,3,7),(1,4,16),(3,9,13),(2,12,1);
/*!40000 ALTER TABLE `CourseDependency` ENABLE KEYS */;
UNLOCK TABLES;

--
-- Table structure for table `DATABASECHANGELOG`
--

DROP TABLE IF EXISTS `DATABASECHANGELOG`;
/*!40101 SET @saved_cs_client     = @@character_set_client */;
/*!40101 SET character_set_client = utf8 */;
CREATE TABLE `DATABASECHANGELOG` (
  `ID` varchar(255) NOT NULL,
  `AUTHOR` varchar(255) NOT NULL,
  `FILENAME` varchar(255) NOT NULL,
  `DATEEXECUTED` datetime NOT NULL,
  `ORDEREXECUTED` int(11) NOT NULL,
  `EXECTYPE` varchar(10) NOT NULL,
  `MD5SUM` varchar(35) DEFAULT NULL,
  `DESCRIPTION` varchar(255) DEFAULT NULL,
  `COMMENTS` varchar(255) DEFAULT NULL,
  `TAG` varchar(255) DEFAULT NULL,
  `LIQUIBASE` varchar(20) DEFAULT NULL,
  `CONTEXTS` varchar(255) DEFAULT NULL,
  `LABELS` varchar(255) DEFAULT NULL
) ENGINE=InnoDB DEFAULT CHARSET=utf8;
/*!40101 SET character_set_client = @saved_cs_client */;

--
-- Dumping data for table `DATABASECHANGELOG`
--

LOCK TABLES `DATABASECHANGELOG` WRITE;
/*!40000 ALTER TABLE `DATABASECHANGELOG` DISABLE KEYS */;
INSERT INTO `DATABASECHANGELOG` VALUES ('raw','includeAll','db/changelog/0010-course_dependency-table.sql','2016-04-24 14:14:36',1,'EXECUTED','7:52be12611610f4f74ece895b7dca4b18','sql','',NULL,'3.4.2',NULL,NULL),('raw','includeAll','db/changelog/0020-Course-table.sql','2016-04-24 14:14:36',2,'EXECUTED','7:4551e5abba445a0a9eaed5e93124f985','sql','',NULL,'3.4.2',NULL,NULL),('raw','includeAll','db/changelog/0030-CourseDependency-table.sql','2016-04-24 14:14:36',3,'EXECUTED','7:d4188d1880abacc644d28434d321739d','sql','',NULL,'3.4.2',NULL,NULL),('raw','includeAll','db/changelog/0040-Semester-table.sql','2016-04-24 14:14:36',4,'EXECUTED','7:d1564def88313cb1aedf53bffff2ee9b','sql','',NULL,'3.4.2',NULL,NULL),('raw','includeAll','db/changelog/0050-update_Course_table.sql','2016-04-24 14:14:36',5,'EXECUTED','7:db15db36331078c9819e4fe429b0366a','sql','',NULL,'3.4.2',NULL,NULL),('raw','includeAll','db/changelog/0060-Create_Student_table.sql','2016-04-24 14:14:36',6,'EXECUTED','7:369413893ffa57c7cd7c8512f325b600','sql','',NULL,'3.4.2',NULL,NULL),('raw','includeAll','db/changelog/0070-Create_StudentDemand-table.sql','2016-04-24 14:14:36',7,'EXECUTED','7:b60a5fee90de2c1ceef2ac8f3871d70a','sql','',NULL,'3.4.2',NULL,NULL),('0080-1','mlarson','db/changelog/0080-Create_EventLogType-table.sql','2016-04-24 14:14:36',8,'EXECUTED','7:5f4e45dad52d67c8044e053ec4666a12','sql','',NULL,'3.4.2',NULL,NULL),('0080-2','mlarson','db/changelog/0080-Create_EventLogType-table.sql','2016-04-24 14:14:36',9,'EXECUTED','7:406132bbf57e8c6b8262e7ee4e04edc9','sql','',NULL,'3.4.2',NULL,NULL),('0080-3','mlarson','db/changelog/0080-Create_EventLogType-table.sql','2016-04-24 14:14:36',10,'EXECUTED','7:e73825ac4052218869cdb6c6776c87d6','sql','',NULL,'3.4.2',NULL,NULL),('0090-1','mlarson','db/changelog/0090-Create_EventLog-table.sql','2016-04-24 14:14:36',11,'EXECUTED','7:68ca0de89c1deb1c24fda61382990bdd','sql','',NULL,'3.4.2',NULL,NULL),('0090-2','mlarson','db/changelog/0090-Create_EventLog-table.sql','2016-04-24 14:14:36',12,'EXECUTED','7:c2800caf31956e1ed6ff96435b0088ed','sql','',NULL,'3.4.2',NULL,NULL),('0090-3','mlarson','db/changelog/0090-Create_EventLog-table.sql','2016-04-24 14:14:36',13,'EXECUTED','7:71137cd0c3e2406e04ffc68a61676ec6','sql','',NULL,'3.4.2',NULL,NULL),('0090-4','mlarson','db/changelog/0090-Create_EventLog-table.sql','2016-04-24 14:14:36',14,'EXECUTED','7:5cc0ee5df552978a153726db37807a01','sql','',NULL,'3.4.2',NULL,NULL),('0090-5','mlarson','db/changelog/0090-Create_EventLog-table.sql','2016-04-24 14:14:36',15,'EXECUTED','7:711596e27454f36c3e6eadb66d5290bc','sql','',NULL,'3.4.2',NULL,NULL),('0090-6','mlarson','db/changelog/0090-Create_EventLog-table.sql','2016-04-24 14:14:36',16,'EXECUTED','7:5f33585507b6dd36057d2c30050dac01','sql','',NULL,'3.4.2',NULL,NULL),('0100-1','mlarson','db/changelog/0100-Update_Course_name_column.sql','2016-04-24 14:14:36',17,'EXECUTED','7:a26afbb76da9dbbf29c940bf8a1683bd','sql','',NULL,'3.4.2',NULL,NULL),('0110-1','mlarson','db/changelog/0110-Create_ScheduleResult-table.sql','2016-04-24 14:14:36',18,'EXECUTED','7:1a333517af482a0dd0f65f33908f082c','sql','',NULL,'3.4.2',NULL,NULL),('0110-2','mlarson','db/changelog/0110-Create_ScheduleResult-table.sql','2016-04-24 14:14:36',19,'EXECUTED','7:3fe1ecb0e413ca370ac85105b51e96ef','sql','',NULL,'3.4.2',NULL,NULL),('0110-3','mlarson','db/changelog/0110-Create_ScheduleResult-table.sql','2016-04-24 14:14:37',20,'EXECUTED','7:9bab6038ae9e4e622a8cd65cbe7b6e1f','sql','',NULL,'3.4.2',NULL,NULL),('0110-4','mlarson','db/changelog/0110-Create_ScheduleResult-table.sql','2016-04-24 14:14:37',21,'EXECUTED','7:df906ea0cc8ad43149a5b87989288cff','sql','',NULL,'3.4.2',NULL,NULL),('0110-5','mlarson','db/changelog/0110-Create_ScheduleResult-table.sql','2016-04-24 14:14:37',22,'EXECUTED','7:3ca6d66ba9cea4ac19dee7f091b2b939','sql','',NULL,'3.4.2',NULL,NULL),('0110-6','mlarson','db/changelog/0110-Create_ScheduleResult-table.sql','2016-04-24 14:14:37',23,'EXECUTED','7:5d9c4ba85ebf9b752e51d5f8ae06310f','sql','',NULL,'3.4.2',NULL,NULL),('0110-7','mlarson','db/changelog/0110-Create_ScheduleResult-table.sql','2016-04-24 14:14:37',24,'EXECUTED','7:637a384cc5e8709bcde213542590a11b','sql','',NULL,'3.4.2',NULL,NULL),('0120-1','mlarson','db/changelog/0120-Update_EventLog_add_result_done.sql','2016-04-24 14:14:37',25,'EXECUTED','7:2deb803f83740ca252557d62ac6d75ab','sql','',NULL,'3.4.2',NULL,NULL);
/*!40000 ALTER TABLE `DATABASECHANGELOG` ENABLE KEYS */;
UNLOCK TABLES;

--
-- Table structure for table `DATABASECHANGELOGLOCK`
--

DROP TABLE IF EXISTS `DATABASECHANGELOGLOCK`;
/*!40101 SET @saved_cs_client     = @@character_set_client */;
/*!40101 SET character_set_client = utf8 */;
CREATE TABLE `DATABASECHANGELOGLOCK` (
  `ID` int(11) NOT NULL,
  `LOCKED` bit(1) NOT NULL,
  `LOCKGRANTED` datetime DEFAULT NULL,
  `LOCKEDBY` varchar(255) DEFAULT NULL,
  PRIMARY KEY (`ID`)
) ENGINE=InnoDB DEFAULT CHARSET=utf8;
/*!40101 SET character_set_client = @saved_cs_client */;

--
-- Dumping data for table `DATABASECHANGELOGLOCK`
--

LOCK TABLES `DATABASECHANGELOGLOCK` WRITE;
/*!40000 ALTER TABLE `DATABASECHANGELOGLOCK` DISABLE KEYS */;
INSERT INTO `DATABASECHANGELOGLOCK` VALUES (1,'\0',NULL,NULL);
/*!40000 ALTER TABLE `DATABASECHANGELOGLOCK` ENABLE KEYS */;
UNLOCK TABLES;

--
-- Table structure for table `EventLog`
--

DROP TABLE IF EXISTS `EventLog`;
/*!40101 SET @saved_cs_client     = @@character_set_client */;
/*!40101 SET character_set_client = utf8 */;
CREATE TABLE `EventLog` (
  `id` bigint(20) NOT NULL AUTO_INCREMENT,
  `semesterId` int(11) NOT NULL,
  `eventData` text NOT NULL,
  `createdDate` timestamp NOT NULL DEFAULT CURRENT_TIMESTAMP ON UPDATE CURRENT_TIMESTAMP,
  `isShadowMode` tinyint(1) NOT NULL,
  `eventLogTypeId` int(11) NOT NULL,
  `resultCalculated` tinyint(1) NOT NULL DEFAULT '0',
  PRIMARY KEY (`id`),
  KEY `EventLogEventTypeFkIdx` (`eventLogTypeId`),
  KEY `EventLogSemesterFkIdx` (`semesterId`),
  KEY `EventLogIsShadowModeIdx` (`isShadowMode`),
  CONSTRAINT `EventLogEventTypeFk` FOREIGN KEY (`eventLogTypeId`) REFERENCES `EventLogType` (`id`),
  CONSTRAINT `EventLogSemesterFk` FOREIGN KEY (`semesterId`) REFERENCES `Semester` (`id`)
) ENGINE=InnoDB AUTO_INCREMENT=219 DEFAULT CHARSET=utf8;
/*!40101 SET character_set_client = @saved_cs_client */;

--
-- Dumping data for table `EventLog`
--

LOCK TABLES `EventLog` WRITE;
/*!40000 ALTER TABLE `EventLog` DISABLE KEYS */;
INSERT INTO `EventLog` VALUES (1,1,'{\"courseEvents\":[{\"courseId\":1,\"maxSize\":50},{\"courseId\":2,\"maxSize\":50},{\"courseId\":3,\"maxSize\":50},{\"courseId\":4,\"maxSize\":50},{\"courseId\":6,\"maxSize\":50},{\"courseId\":7,\"maxSize\":50},{\"courseId\":8,\"maxSize\":50},{\"courseId\":9,\"maxSize\":50},{\"courseId\":11,\"maxSize\":50},{\"courseId\":12,\"maxSize\":50},{\"courseId\":13,\"maxSize\":50},{\"courseId\":15,\"maxSize\":50},{\"courseId\":17,\"maxSize\":50}]}','2016-04-24 18:14:46',0,1,0),(2,2,'{\"courseEvents\":[{\"courseId\":2,\"maxSize\":50},{\"courseId\":3,\"maxSize\":50},{\"courseId\":4,\"maxSize\":50},{\"courseId\":5,\"maxSize\":50},{\"courseId\":6,\"maxSize\":50},{\"courseId\":8,\"maxSize\":50},{\"courseId\":9,\"maxSize\":50},{\"courseId\":10,\"maxSize\":50},{\"courseId\":12,\"maxSize\":50},{\"courseId\":13,\"maxSize\":50},{\"courseId\":14,\"maxSize\":50},{\"courseId\":16,\"maxSize\":50},{\"courseId\":18,\"maxSize\":50}]}','2016-04-24 18:14:46',0,1,0),(3,3,'{\"courseEvents\":[{\"courseId\":2,\"maxSize\":50},{\"courseId\":3,\"maxSize\":50},{\"courseId\":4,\"maxSize\":50},{\"courseId\":6,\"maxSize\":50},{\"courseId\":8,\"maxSize\":50},{\"courseId\":9,\"maxSize\":50},{\"courseId\":12,\"maxSize\":50},{\"courseId\":13,\"maxSize\":50}]}','2016-04-24 18:14:46',0,1,0),(4,4,'{\"courseEvents\":[{\"courseId\":1,\"maxSize\":50},{\"courseId\":2,\"maxSize\":50},{\"courseId\":3,\"maxSize\":50},{\"courseId\":4,\"maxSize\":50},{\"courseId\":6,\"maxSize\":50},{\"courseId\":7,\"maxSize\":50},{\"courseId\":8,\"maxSize\":50},{\"courseId\":9,\"maxSize\":50},{\"courseId\":11,\"maxSize\":50},{\"courseId\":12,\"maxSize\":50},{\"courseId\":13,\"maxSize\":50},{\"courseId\":15,\"maxSize\":50},{\"courseId\":17,\"maxSize\":50}]}','2016-04-24 18:14:46',0,1,0),(5,5,'{\"courseEvents\":[{\"courseId\":2,\"maxSize\":50},{\"courseId\":3,\"maxSize\":50},{\"courseId\":4,\"maxSize\":50},{\"courseId\":5,\"maxSize\":50},{\"courseId\":6,\"maxSize\":50},{\"courseId\":8,\"maxSize\":50},{\"courseId\":9,\"maxSize\":50},{\"courseId\":10,\"maxSize\":50},{\"courseId\":12,\"maxSize\":50},{\"courseId\":13,\"maxSize\":50},{\"courseId\":14,\"maxSize\":50},{\"courseId\":16,\"maxSize\":50},{\"courseId\":18,\"maxSize\":50}]}','2016-04-24 18:14:46',0,1,0),(6,6,'{\"courseEvents\":[{\"courseId\":2,\"maxSize\":50},{\"courseId\":3,\"maxSize\":50},{\"courseId\":4,\"maxSize\":50},{\"courseId\":6,\"maxSize\":50},{\"courseId\":8,\"maxSize\":50},{\"courseId\":9,\"maxSize\":50},{\"courseId\":12,\"maxSize\":50},{\"courseId\":13,\"maxSize\":50}]}','2016-04-24 18:14:46',0,1,0),(7,7,'{\"courseEvents\":[{\"courseId\":1,\"maxSize\":50},{\"courseId\":2,\"maxSize\":50},{\"courseId\":3,\"maxSize\":50},{\"courseId\":4,\"maxSize\":50},{\"courseId\":6,\"maxSize\":50},{\"courseId\":7,\"maxSize\":50},{\"courseId\":8,\"maxSize\":50},{\"courseId\":9,\"maxSize\":50},{\"courseId\":11,\"maxSize\":50},{\"courseId\":12,\"maxSize\":50},{\"courseId\":13,\"maxSize\":50},{\"courseId\":15,\"maxSize\":50},{\"courseId\":17,\"maxSize\":50}]}','2016-04-24 18:14:46',0,1,0),(8,8,'{\"courseEvents\":[{\"courseId\":2,\"maxSize\":50},{\"courseId\":3,\"maxSize\":50},{\"courseId\":4,\"maxSize\":50},{\"courseId\":5,\"maxSize\":50},{\"courseId\":6,\"maxSize\":50},{\"courseId\":8,\"maxSize\":50},{\"courseId\":9,\"maxSize\":50},{\"courseId\":10,\"maxSize\":50},{\"courseId\":12,\"maxSize\":50},{\"courseId\":13,\"maxSize\":50},{\"courseId\":14,\"maxSize\":50},{\"courseId\":16,\"maxSize\":50},{\"courseId\":18,\"maxSize\":50}]}','2016-04-24 18:14:46',0,1,0),(9,9,'{\"courseEvents\":[{\"courseId\":2,\"maxSize\":50},{\"courseId\":3,\"maxSize\":50},{\"courseId\":4,\"maxSize\":50},{\"courseId\":6,\"maxSize\":50},{\"courseId\":8,\"maxSize\":50},{\"courseId\":9,\"maxSize\":50},{\"courseId\":12,\"maxSize\":50},{\"courseId\":13,\"maxSize\":50}]}','2016-04-24 18:14:46',0,1,0),(10,10,'{\"courseEvents\":[{\"courseId\":1,\"maxSize\":50},{\"courseId\":2,\"maxSize\":50},{\"courseId\":3,\"maxSize\":50},{\"courseId\":4,\"maxSize\":50},{\"courseId\":6,\"maxSize\":50},{\"courseId\":7,\"maxSize\":50},{\"courseId\":8,\"maxSize\":50},{\"courseId\":9,\"maxSize\":50},{\"courseId\":11,\"maxSize\":50},{\"courseId\":12,\"maxSize\":50},{\"courseId\":13,\"maxSize\":50},{\"courseId\":15,\"maxSize\":50},{\"courseId\":17,\"maxSize\":50}]}','2016-04-24 18:14:46',0,1,0),(11,11,'{\"courseEvents\":[{\"courseId\":2,\"maxSize\":50},{\"courseId\":3,\"maxSize\":50},{\"courseId\":4,\"maxSize\":50},{\"courseId\":5,\"maxSize\":50},{\"courseId\":6,\"maxSize\":50},{\"courseId\":8,\"maxSize\":50},{\"courseId\":9,\"maxSize\":50},{\"courseId\":10,\"maxSize\":50},{\"courseId\":12,\"maxSize\":50},{\"courseId\":13,\"maxSize\":50},{\"courseId\":14,\"maxSize\":50},{\"courseId\":16,\"maxSize\":50},{\"courseId\":18,\"maxSize\":50}]}','2016-04-24 18:14:46',0,1,0),(12,12,'{\"courseEvents\":[{\"courseId\":2,\"maxSize\":50},{\"courseId\":3,\"maxSize\":50},{\"courseId\":4,\"maxSize\":50},{\"courseId\":6,\"maxSize\":50},{\"courseId\":8,\"maxSize\":50},{\"courseId\":9,\"maxSize\":50},{\"courseId\":12,\"maxSize\":50},{\"courseId\":13,\"maxSize\":50}]}','2016-04-24 18:14:46',0,1,0),(13,2,'{\"studentId\":1,\"studentDemandCourseEvents\":[{\"courseId\":9,\"priority\":1},{\"courseId\":14,\"priority\":2}]}','2016-04-24 18:18:25',0,2,1),(14,2,'{\"studentId\":1,\"studentDemandCourseEvents\":[{\"courseId\":18,\"priority\":3},{\"courseId\":5,\"priority\":1},{\"courseId\":6,\"priority\":2},{\"courseId\":9,\"priority\":4}]}','2016-04-24 18:19:38',0,2,1),(15,2,'{\"studentId\":1,\"studentDemandCourseEvents\":[{\"courseId\":3,\"priority\":2},{\"courseId\":4,\"priority\":1},{\"courseId\":9,\"priority\":4},{\"courseId\":12,\"priority\":3}]}','2016-04-24 18:20:08',1,2,0),(16,2,'{\"studentId\":2,\"studentDemandCourseEvents\":[{\"courseId\":3,\"priority\":1},{\"courseId\":12,\"priority\":2},{\"courseId\":13,\"priority\":3}]}','2016-04-24 18:20:08',1,2,0),(17,2,'{\"studentId\":3,\"studentDemandCourseEvents\":[{\"courseId\":3,\"priority\":1},{\"courseId\":15,\"priority\":2}]}','2016-04-24 18:20:08',1,2,0),(18,2,'{\"studentId\":4,\"studentDemandCourseEvents\":[{\"courseId\":13,\"priority\":1},{\"courseId\":14,\"priority\":3}]}','2016-04-24 18:20:08',1,2,0),(19,2,'{\"studentId\":5,\"studentDemandCourseEvents\":[{\"courseId\":18,\"priority\":2},{\"courseId\":6,\"priority\":1},{\"courseId\":11,\"priority\":3},{\"courseId\":15,\"priority\":5}]}','2016-04-24 18:20:08',1,2,0),(20,2,'{\"studentId\":6,\"studentDemandCourseEvents\":[{\"courseId\":18,\"priority\":2},{\"courseId\":8,\"priority\":1}]}','2016-04-24 18:20:08',1,2,0),(21,2,'{\"studentId\":7,\"studentDemandCourseEvents\":[{\"courseId\":8,\"priority\":1},{\"courseId\":12,\"priority\":2}]}','2016-04-24 18:20:08',1,2,0),(22,2,'{\"studentId\":8,\"studentDemandCourseEvents\":[{\"courseId\":17,\"priority\":2},{\"courseId\":5,\"priority\":4},{\"courseId\":9,\"priority\":5},{\"courseId\":14,\"priority\":1}]}','2016-04-24 18:20:08',1,2,0),(23,2,'{\"studentId\":9,\"studentDemandCourseEvents\":[{\"courseId\":17,\"priority\":1},{\"courseId\":5,\"priority\":2},{\"courseId\":7,\"priority\":3},{\"courseId\":9,\"priority\":5}]}','2016-04-24 18:20:08',1,2,0),(24,2,'{\"studentId\":10,\"studentDemandCourseEvents\":[{\"courseId\":16,\"priority\":1}]}','2016-04-24 18:20:08',1,2,0),(25,2,'{\"studentId\":11,\"studentDemandCourseEvents\":[{\"courseId\":1,\"priority\":1},{\"courseId\":17,\"priority\":3},{\"courseId\":3,\"priority\":2},{\"courseId\":4,\"priority\":5}]}','2016-04-24 18:20:08',1,2,0),(26,2,'{\"studentId\":12,\"studentDemandCourseEvents\":[{\"courseId\":11,\"priority\":1}]}','2016-04-24 18:20:08',1,2,0),(27,2,'{\"studentId\":13,\"studentDemandCourseEvents\":[{\"courseId\":18,\"priority\":1},{\"courseId\":12,\"priority\":2},{\"courseId\":13,\"priority\":3},{\"courseId\":14,\"priority\":4}]}','2016-04-24 18:20:08',1,2,0),(28,2,'{\"studentId\":14,\"studentDemandCourseEvents\":[{\"courseId\":5,\"priority\":1}]}','2016-04-24 18:20:08',1,2,0),(29,2,'{\"studentId\":15,\"studentDemandCourseEvents\":[{\"courseId\":17,\"priority\":3},{\"courseId\":4,\"priority\":2},{\"courseId\":12,\"priority\":1},{\"courseId\":15,\"priority\":4}]}','2016-04-24 18:20:08',1,2,0),(30,2,'{\"studentId\":16,\"studentDemandCourseEvents\":[{\"courseId\":18,\"priority\":2},{\"courseId\":12,\"priority\":1}]}','2016-04-24 18:20:08',1,2,0),(31,2,'{\"studentId\":17,\"studentDemandCourseEvents\":[{\"courseId\":10,\"priority\":2},{\"courseId\":15,\"priority\":1}]}','2016-04-24 18:20:08',1,2,0),(32,2,'{\"studentId\":18,\"studentDemandCourseEvents\":[{\"courseId\":18,\"priority\":1}]}','2016-04-24 18:20:08',1,2,0),(33,2,'{\"studentId\":19,\"studentDemandCourseEvents\":[{\"courseId\":16,\"priority\":4},{\"courseId\":1,\"priority\":5},{\"courseId\":18,\"priority\":2},{\"courseId\":4,\"priority\":1},{\"courseId\":15,\"priority\":3}]}','2016-04-24 18:20:08',1,2,0),(34,2,'{\"studentId\":20,\"studentDemandCourseEvents\":[{\"courseId\":1,\"priority\":2},{\"courseId\":3,\"priority\":1}]}','2016-04-24 18:20:08',1,2,0),(35,2,'{\"studentId\":21,\"studentDemandCourseEvents\":[{\"courseId\":3,\"priority\":1}]}','2016-04-24 18:20:08',1,2,0),(36,2,'{\"studentId\":22,\"studentDemandCourseEvents\":[{\"courseId\":16,\"priority\":3},{\"courseId\":11,\"priority\":4},{\"courseId\":12,\"priority\":2},{\"courseId\":14,\"priority\":1},{\"courseId\":15,\"priority\":5}]}','2016-04-24 18:20:08',1,2,0),(37,2,'{\"studentId\":23,\"studentDemandCourseEvents\":[{\"courseId\":5,\"priority\":4},{\"courseId\":9,\"priority\":2},{\"courseId\":10,\"priority\":3},{\"courseId\":15,\"priority\":1}]}','2016-04-24 18:20:08',1,2,0),(38,2,'{\"studentId\":24,\"studentDemandCourseEvents\":[{\"courseId\":1,\"priority\":5},{\"courseId\":5,\"priority\":2},{\"courseId\":6,\"priority\":3},{\"courseId\":14,\"priority\":1},{\"courseId\":15,\"priority\":4}]}','2016-04-24 18:20:08',1,2,0),(39,2,'{\"studentId\":25,\"studentDemandCourseEvents\":[{\"courseId\":13,\"priority\":1}]}','2016-04-24 18:20:08',1,2,0),(40,2,'{\"studentId\":26,\"studentDemandCourseEvents\":[{\"courseId\":18,\"priority\":3},{\"courseId\":11,\"priority\":2},{\"courseId\":12,\"priority\":1}]}','2016-04-24 18:20:08',1,2,0),(41,2,'{\"studentId\":27,\"studentDemandCourseEvents\":[{\"courseId\":18,\"priority\":4},{\"courseId\":3,\"priority\":1},{\"courseId\":6,\"priority\":2},{\"courseId\":12,\"priority\":3}]}','2016-04-24 18:20:08',1,2,0),(42,2,'{\"studentId\":28,\"studentDemandCourseEvents\":[{\"courseId\":16,\"priority\":1},{\"courseId\":1,\"priority\":2},{\"courseId\":5,\"priority\":3},{\"courseId\":11,\"priority\":4}]}','2016-04-24 18:20:08',1,2,0),(43,2,'{\"studentId\":29,\"studentDemandCourseEvents\":[{\"courseId\":1,\"priority\":4},{\"courseId\":2,\"priority\":2},{\"courseId\":18,\"priority\":3},{\"courseId\":10,\"priority\":1},{\"courseId\":13,\"priority\":5}]}','2016-04-24 18:20:08',1,2,0),(44,2,'{\"studentId\":30,\"studentDemandCourseEvents\":[{\"courseId\":2,\"priority\":1},{\"courseId\":9,\"priority\":2},{\"courseId\":12,\"priority\":3}]}','2016-04-24 18:20:08',1,2,0),(45,2,'{\"studentId\":31,\"studentDemandCourseEvents\":[{\"courseId\":5,\"priority\":1},{\"courseId\":8,\"priority\":3},{\"courseId\":12,\"priority\":2}]}','2016-04-24 18:20:08',1,2,0),(46,2,'{\"studentId\":32,\"studentDemandCourseEvents\":[{\"courseId\":1,\"priority\":1},{\"courseId\":3,\"priority\":3},{\"courseId\":11,\"priority\":2},{\"courseId\":13,\"priority\":4}]}','2016-04-24 18:20:08',1,2,0),(47,2,'{\"studentId\":33,\"studentDemandCourseEvents\":[{\"courseId\":15,\"priority\":1}]}','2016-04-24 18:20:08',1,2,0),(48,2,'{\"studentId\":34,\"studentDemandCourseEvents\":[{\"courseId\":4,\"priority\":1},{\"courseId\":7,\"priority\":2}]}','2016-04-24 18:20:08',1,2,0),(49,2,'{\"studentId\":35,\"studentDemandCourseEvents\":[{\"courseId\":18,\"priority\":4},{\"courseId\":4,\"priority\":1},{\"courseId\":6,\"priority\":2},{\"courseId\":7,\"priority\":3}]}','2016-04-24 18:20:08',1,2,0),(50,2,'{\"studentId\":36,\"studentDemandCourseEvents\":[{\"courseId\":3,\"priority\":1},{\"courseId\":4,\"priority\":4},{\"courseId\":7,\"priority\":2},{\"courseId\":12,\"priority\":3}]}','2016-04-24 18:20:08',1,2,0),(51,2,'{\"studentId\":37,\"studentDemandCourseEvents\":[{\"courseId\":5,\"priority\":1},{\"courseId\":11,\"priority\":2}]}','2016-04-24 18:20:08',1,2,0),(52,2,'{\"studentId\":38,\"studentDemandCourseEvents\":[{\"courseId\":3,\"priority\":2},{\"courseId\":4,\"priority\":1},{\"courseId\":10,\"priority\":4},{\"courseId\":13,\"priority\":3}]}','2016-04-24 18:20:08',1,2,0),(53,2,'{\"studentId\":39,\"studentDemandCourseEvents\":[{\"courseId\":18,\"priority\":2},{\"courseId\":7,\"priority\":1}]}','2016-04-24 18:20:08',1,2,0),(54,2,'{\"studentId\":40,\"studentDemandCourseEvents\":[{\"courseId\":17,\"priority\":2},{\"courseId\":2,\"priority\":1},{\"courseId\":18,\"priority\":3},{\"courseId\":3,\"priority\":4},{\"courseId\":10,\"priority\":5}]}','2016-04-24 18:20:08',1,2,0),(55,2,'{\"studentId\":41,\"studentDemandCourseEvents\":[{\"courseId\":3,\"priority\":3},{\"courseId\":5,\"priority\":4},{\"courseId\":10,\"priority\":5},{\"courseId\":11,\"priority\":2},{\"courseId\":13,\"priority\":1}]}','2016-04-24 18:20:08',1,2,0),(56,2,'{\"studentId\":42,\"studentDemandCourseEvents\":[{\"courseId\":17,\"priority\":1},{\"courseId\":3,\"priority\":2},{\"courseId\":13,\"priority\":4},{\"courseId\":14,\"priority\":3}]}','2016-04-24 18:20:08',1,2,0),(57,2,'{\"studentId\":43,\"studentDemandCourseEvents\":[{\"courseId\":18,\"priority\":1},{\"courseId\":11,\"priority\":2}]}','2016-04-24 18:20:08',1,2,0),(58,2,'{\"studentId\":44,\"studentDemandCourseEvents\":[{\"courseId\":17,\"priority\":4},{\"courseId\":9,\"priority\":3},{\"courseId\":10,\"priority\":1},{\"courseId\":13,\"priority\":5},{\"courseId\":14,\"priority\":2}]}','2016-04-24 18:20:08',1,2,0),(59,2,'{\"studentId\":45,\"studentDemandCourseEvents\":[{\"courseId\":16,\"priority\":4},{\"courseId\":1,\"priority\":1},{\"courseId\":6,\"priority\":2},{\"courseId\":11,\"priority\":3}]}','2016-04-24 18:20:08',1,2,0),(60,2,'{\"studentId\":46,\"studentDemandCourseEvents\":[{\"courseId\":2,\"priority\":2},{\"courseId\":4,\"priority\":5},{\"courseId\":5,\"priority\":1},{\"courseId\":11,\"priority\":4}]}','2016-04-24 18:20:08',1,2,0),(61,2,'{\"studentId\":47,\"studentDemandCourseEvents\":[{\"courseId\":2,\"priority\":3},{\"courseId\":7,\"priority\":1}]}','2016-04-24 18:20:08',1,2,0),(62,2,'{\"studentId\":48,\"studentDemandCourseEvents\":[{\"courseId\":18,\"priority\":1},{\"courseId\":2,\"priority\":4},{\"courseId\":11,\"priority\":3},{\"courseId\":14,\"priority\":2}]}','2016-04-24 18:20:08',1,2,0),(63,2,'{\"studentId\":49,\"studentDemandCourseEvents\":[{\"courseId\":12,\"priority\":2},{\"courseId\":13,\"priority\":1}]}','2016-04-24 18:20:08',1,2,0),(64,2,'{\"studentId\":50,\"studentDemandCourseEvents\":[{\"courseId\":5,\"priority\":1}]}','2016-04-24 18:20:08',1,2,0),(65,2,'{\"studentId\":51,\"studentDemandCourseEvents\":[{\"courseId\":2,\"priority\":1},{\"courseId\":14,\"priority\":2}]}','2016-04-24 18:20:08',1,2,0),(66,2,'{\"studentId\":52,\"studentDemandCourseEvents\":[{\"courseId\":17,\"priority\":2},{\"courseId\":14,\"priority\":1}]}','2016-04-24 18:20:08',1,2,0),(67,2,'{\"studentId\":53,\"studentDemandCourseEvents\":[{\"courseId\":17,\"priority\":2},{\"courseId\":8,\"priority\":1},{\"courseId\":13,\"priority\":3}]}','2016-04-24 18:20:08',1,2,0),(68,2,'{\"studentId\":54,\"studentDemandCourseEvents\":[{\"courseId\":17,\"priority\":1}]}','2016-04-24 18:20:08',1,2,0),(69,2,'{\"studentId\":55,\"studentDemandCourseEvents\":[{\"courseId\":16,\"priority\":5},{\"courseId\":6,\"priority\":1},{\"courseId\":8,\"priority\":4},{\"courseId\":11,\"priority\":3}]}','2016-04-24 18:20:08',1,2,0),(70,2,'{\"studentId\":56,\"studentDemandCourseEvents\":[{\"courseId\":4,\"priority\":5},{\"courseId\":8,\"priority\":4},{\"courseId\":10,\"priority\":3},{\"courseId\":12,\"priority\":1},{\"courseId\":15,\"priority\":2}]}','2016-04-24 18:20:08',1,2,0),(71,2,'{\"studentId\":57,\"studentDemandCourseEvents\":[{\"courseId\":10,\"priority\":1},{\"courseId\":15,\"priority\":3}]}','2016-04-24 18:20:08',1,2,0),(72,2,'{\"studentId\":58,\"studentDemandCourseEvents\":[{\"courseId\":17,\"priority\":3},{\"courseId\":18,\"priority\":2},{\"courseId\":13,\"priority\":1}]}','2016-04-24 18:20:08',1,2,0),(73,2,'{\"studentId\":59,\"studentDemandCourseEvents\":[{\"courseId\":3,\"priority\":1}]}','2016-04-24 18:20:08',1,2,0),(74,2,'{\"studentId\":60,\"studentDemandCourseEvents\":[{\"courseId\":16,\"priority\":1},{\"courseId\":2,\"priority\":3},{\"courseId\":7,\"priority\":2}]}','2016-04-24 18:20:08',1,2,0),(75,2,'{\"studentId\":61,\"studentDemandCourseEvents\":[{\"courseId\":16,\"priority\":1},{\"courseId\":4,\"priority\":2}]}','2016-04-24 18:20:08',1,2,0),(76,2,'{\"studentId\":62,\"studentDemandCourseEvents\":[{\"courseId\":17,\"priority\":1},{\"courseId\":3,\"priority\":2}]}','2016-04-24 18:20:08',1,2,0),(77,2,'{\"studentId\":63,\"studentDemandCourseEvents\":[{\"courseId\":4,\"priority\":1}]}','2016-04-24 18:20:08',1,2,0),(78,2,'{\"studentId\":64,\"studentDemandCourseEvents\":[{\"courseId\":16,\"priority\":4},{\"courseId\":17,\"priority\":2},{\"courseId\":2,\"priority\":3},{\"courseId\":4,\"priority\":5},{\"courseId\":6,\"priority\":1}]}','2016-04-24 18:20:08',1,2,0),(79,2,'{\"studentId\":65,\"studentDemandCourseEvents\":[{\"courseId\":17,\"priority\":2},{\"courseId\":3,\"priority\":3},{\"courseId\":9,\"priority\":1}]}','2016-04-24 18:20:08',1,2,0),(80,2,'{\"studentId\":66,\"studentDemandCourseEvents\":[{\"courseId\":3,\"priority\":1},{\"courseId\":7,\"priority\":3},{\"courseId\":13,\"priority\":2}]}','2016-04-24 18:20:08',1,2,0),(81,2,'{\"studentId\":67,\"studentDemandCourseEvents\":[{\"courseId\":3,\"priority\":3},{\"courseId\":5,\"priority\":4},{\"courseId\":7,\"priority\":2},{\"courseId\":12,\"priority\":1}]}','2016-04-24 18:20:08',1,2,0),(82,2,'{\"studentId\":68,\"studentDemandCourseEvents\":[{\"courseId\":1,\"priority\":2},{\"courseId\":13,\"priority\":1}]}','2016-04-24 18:20:08',1,2,0),(83,2,'{\"studentId\":69,\"studentDemandCourseEvents\":[{\"courseId\":18,\"priority\":2},{\"courseId\":13,\"priority\":1}]}','2016-04-24 18:20:08',1,2,0),(84,2,'{\"studentId\":70,\"studentDemandCourseEvents\":[{\"courseId\":4,\"priority\":1},{\"courseId\":11,\"priority\":2},{\"courseId\":13,\"priority\":3},{\"courseId\":15,\"priority\":4}]}','2016-04-24 18:20:08',1,2,0),(85,2,'{\"studentId\":71,\"studentDemandCourseEvents\":[{\"courseId\":17,\"priority\":4},{\"courseId\":4,\"priority\":1},{\"courseId\":9,\"priority\":3},{\"courseId\":14,\"priority\":2}]}','2016-04-24 18:20:08',1,2,0),(86,2,'{\"studentId\":72,\"studentDemandCourseEvents\":[{\"courseId\":17,\"priority\":2},{\"courseId\":1,\"priority\":5},{\"courseId\":12,\"priority\":1},{\"courseId\":15,\"priority\":3}]}','2016-04-24 18:20:08',1,2,0),(87,2,'{\"studentId\":73,\"studentDemandCourseEvents\":[{\"courseId\":18,\"priority\":1},{\"courseId\":3,\"priority\":2},{\"courseId\":11,\"priority\":4},{\"courseId\":12,\"priority\":3}]}','2016-04-24 18:20:08',1,2,0),(88,2,'{\"studentId\":74,\"studentDemandCourseEvents\":[{\"courseId\":18,\"priority\":3},{\"courseId\":10,\"priority\":2},{\"courseId\":15,\"priority\":1}]}','2016-04-24 18:20:08',1,2,0),(89,2,'{\"studentId\":75,\"studentDemandCourseEvents\":[{\"courseId\":3,\"priority\":3},{\"courseId\":12,\"priority\":2},{\"courseId\":15,\"priority\":1}]}','2016-04-24 18:20:08',1,2,0),(90,2,'{\"studentId\":76,\"studentDemandCourseEvents\":[{\"courseId\":6,\"priority\":1},{\"courseId\":7,\"priority\":3},{\"courseId\":12,\"priority\":2}]}','2016-04-24 18:20:08',1,2,0),(91,2,'{\"studentId\":77,\"studentDemandCourseEvents\":[{\"courseId\":17,\"priority\":2},{\"courseId\":18,\"priority\":5},{\"courseId\":6,\"priority\":4},{\"courseId\":7,\"priority\":3},{\"courseId\":12,\"priority\":1}]}','2016-04-24 18:20:08',1,2,0),(92,2,'{\"studentId\":78,\"studentDemandCourseEvents\":[{\"courseId\":17,\"priority\":2},{\"courseId\":9,\"priority\":1},{\"courseId\":10,\"priority\":3},{\"courseId\":13,\"priority\":4}]}','2016-04-24 18:20:08',1,2,0),(93,2,'{\"studentId\":79,\"studentDemandCourseEvents\":[{\"courseId\":1,\"priority\":2},{\"courseId\":2,\"priority\":1},{\"courseId\":8,\"priority\":4},{\"courseId\":10,\"priority\":5},{\"courseId\":13,\"priority\":3}]}','2016-04-24 18:20:08',1,2,0),(94,2,'{\"studentId\":80,\"studentDemandCourseEvents\":[{\"courseId\":3,\"priority\":2},{\"courseId\":7,\"priority\":1},{\"courseId\":10,\"priority\":4},{\"courseId\":13,\"priority\":3}]}','2016-04-24 18:20:08',1,2,0),(95,2,'{\"studentId\":81,\"studentDemandCourseEvents\":[{\"courseId\":2,\"priority\":1},{\"courseId\":3,\"priority\":3},{\"courseId\":10,\"priority\":2}]}','2016-04-24 18:20:08',1,2,0),(96,2,'{\"studentId\":82,\"studentDemandCourseEvents\":[{\"courseId\":2,\"priority\":2},{\"courseId\":4,\"priority\":3},{\"courseId\":11,\"priority\":1},{\"courseId\":15,\"priority\":4}]}','2016-04-24 18:20:08',1,2,0),(97,2,'{\"studentId\":83,\"studentDemandCourseEvents\":[{\"courseId\":2,\"priority\":1},{\"courseId\":10,\"priority\":2}]}','2016-04-24 18:20:08',1,2,0),(98,2,'{\"studentId\":84,\"studentDemandCourseEvents\":[{\"courseId\":4,\"priority\":1},{\"courseId\":7,\"priority\":2}]}','2016-04-24 18:20:08',1,2,0),(99,2,'{\"studentId\":85,\"studentDemandCourseEvents\":[{\"courseId\":8,\"priority\":2},{\"courseId\":9,\"priority\":1},{\"courseId\":14,\"priority\":3}]}','2016-04-24 18:20:08',1,2,0),(100,2,'{\"studentId\":86,\"studentDemandCourseEvents\":[{\"courseId\":3,\"priority\":1}]}','2016-04-24 18:20:08',1,2,0),(101,2,'{\"studentId\":87,\"studentDemandCourseEvents\":[{\"courseId\":4,\"priority\":2},{\"courseId\":10,\"priority\":4},{\"courseId\":15,\"priority\":1}]}','2016-04-24 18:20:08',1,2,0),(102,2,'{\"studentId\":88,\"studentDemandCourseEvents\":[{\"courseId\":9,\"priority\":1},{\"courseId\":11,\"priority\":2}]}','2016-04-24 18:20:08',1,2,0),(103,2,'{\"studentId\":89,\"studentDemandCourseEvents\":[{\"courseId\":17,\"priority\":4},{\"courseId\":2,\"priority\":2},{\"courseId\":6,\"priority\":3},{\"courseId\":10,\"priority\":1}]}','2016-04-24 18:20:08',1,2,0),(104,2,'{\"studentId\":90,\"studentDemandCourseEvents\":[{\"courseId\":14,\"priority\":1}]}','2016-04-24 18:20:08',1,2,0),(105,2,'{\"studentId\":91,\"studentDemandCourseEvents\":[{\"courseId\":9,\"priority\":1},{\"courseId\":11,\"priority\":2}]}','2016-04-24 18:20:08',1,2,0),(106,2,'{\"studentId\":92,\"studentDemandCourseEvents\":[{\"courseId\":18,\"priority\":2},{\"courseId\":4,\"priority\":1}]}','2016-04-24 18:20:08',1,2,0),(107,2,'{\"studentId\":93,\"studentDemandCourseEvents\":[{\"courseId\":16,\"priority\":1},{\"courseId\":9,\"priority\":2},{\"courseId\":12,\"priority\":3}]}','2016-04-24 18:20:09',1,2,0),(108,2,'{\"studentId\":94,\"studentDemandCourseEvents\":[{\"courseId\":14,\"priority\":2},{\"courseId\":15,\"priority\":1}]}','2016-04-24 18:20:09',1,2,0),(109,2,'{\"studentId\":95,\"studentDemandCourseEvents\":[{\"courseId\":18,\"priority\":3},{\"courseId\":4,\"priority\":1},{\"courseId\":6,\"priority\":2},{\"courseId\":15,\"priority\":4}]}','2016-04-24 18:20:09',1,2,0),(110,2,'{\"studentId\":96,\"studentDemandCourseEvents\":[{\"courseId\":18,\"priority\":5},{\"courseId\":5,\"priority\":2},{\"courseId\":6,\"priority\":1},{\"courseId\":8,\"priority\":4},{\"courseId\":15,\"priority\":3}]}','2016-04-24 18:20:09',1,2,0),(111,2,'{\"studentId\":97,\"studentDemandCourseEvents\":[{\"courseId\":13,\"priority\":1}]}','2016-04-24 18:20:09',1,2,0),(112,2,'{\"studentId\":98,\"studentDemandCourseEvents\":[{\"courseId\":17,\"priority\":1},{\"courseId\":6,\"priority\":3},{\"courseId\":12,\"priority\":4},{\"courseId\":13,\"priority\":2}]}','2016-04-24 18:20:09',1,2,0),(113,2,'{\"studentId\":99,\"studentDemandCourseEvents\":[{\"courseId\":17,\"priority\":1},{\"courseId\":18,\"priority\":3},{\"courseId\":7,\"priority\":2}]}','2016-04-24 18:20:09',1,2,0),(114,2,'{\"studentId\":100,\"studentDemandCourseEvents\":[{\"courseId\":17,\"priority\":3},{\"courseId\":18,\"priority\":4},{\"courseId\":9,\"priority\":1},{\"courseId\":10,\"priority\":2}]}','2016-04-24 18:20:09',1,2,0),(115,2,'{\"studentId\":101,\"studentDemandCourseEvents\":[{\"courseId\":6,\"priority\":1}]}','2016-04-24 18:20:09',1,2,0),(116,2,'{\"studentId\":102,\"studentDemandCourseEvents\":[{\"courseId\":16,\"priority\":3},{\"courseId\":9,\"priority\":2},{\"courseId\":14,\"priority\":1}]}','2016-04-24 18:20:09',1,2,0),(117,2,'{\"studentId\":103,\"studentDemandCourseEvents\":[{\"courseId\":15,\"priority\":1}]}','2016-04-24 18:20:09',1,2,0),(118,2,'{\"studentId\":104,\"studentDemandCourseEvents\":[{\"courseId\":7,\"priority\":2},{\"courseId\":8,\"priority\":4},{\"courseId\":9,\"priority\":1}]}','2016-04-24 18:20:09',1,2,0),(119,2,'{\"studentId\":105,\"studentDemandCourseEvents\":[{\"courseId\":2,\"priority\":1},{\"courseId\":7,\"priority\":2}]}','2016-04-24 18:20:09',1,2,0),(120,2,'{\"studentId\":106,\"studentDemandCourseEvents\":[{\"courseId\":2,\"priority\":1},{\"courseId\":8,\"priority\":3},{\"courseId\":10,\"priority\":2}]}','2016-04-24 18:20:09',1,2,0),(121,2,'{\"studentId\":107,\"studentDemandCourseEvents\":[{\"courseId\":11,\"priority\":2},{\"courseId\":13,\"priority\":3},{\"courseId\":14,\"priority\":1}]}','2016-04-24 18:20:09',1,2,0),(122,2,'{\"studentId\":108,\"studentDemandCourseEvents\":[{\"courseId\":1,\"priority\":1},{\"courseId\":13,\"priority\":2}]}','2016-04-24 18:20:09',1,2,0),(123,2,'{\"studentId\":109,\"studentDemandCourseEvents\":[{\"courseId\":7,\"priority\":2},{\"courseId\":12,\"priority\":1},{\"courseId\":14,\"priority\":3}]}','2016-04-24 18:20:09',1,2,0),(124,2,'{\"studentId\":110,\"studentDemandCourseEvents\":[{\"courseId\":16,\"priority\":2},{\"courseId\":14,\"priority\":1}]}','2016-04-24 18:20:09',1,2,0),(125,2,'{\"studentId\":111,\"studentDemandCourseEvents\":[{\"courseId\":7,\"priority\":4},{\"courseId\":9,\"priority\":1},{\"courseId\":13,\"priority\":3},{\"courseId\":15,\"priority\":2}]}','2016-04-24 18:20:09',1,2,0),(126,2,'{\"studentId\":112,\"studentDemandCourseEvents\":[{\"courseId\":17,\"priority\":3},{\"courseId\":8,\"priority\":1},{\"courseId\":14,\"priority\":2}]}','2016-04-24 18:20:09',1,2,0),(127,2,'{\"studentId\":113,\"studentDemandCourseEvents\":[{\"courseId\":15,\"priority\":1}]}','2016-04-24 18:20:09',1,2,0),(128,2,'{\"studentId\":114,\"studentDemandCourseEvents\":[{\"courseId\":16,\"priority\":1},{\"courseId\":2,\"priority\":2},{\"courseId\":9,\"priority\":3}]}','2016-04-24 18:20:09',1,2,0),(129,2,'{\"studentId\":115,\"studentDemandCourseEvents\":[{\"courseId\":16,\"priority\":4},{\"courseId\":17,\"priority\":1},{\"courseId\":9,\"priority\":3},{\"courseId\":12,\"priority\":2}]}','2016-04-24 18:20:09',1,2,0),(130,2,'{\"studentId\":116,\"studentDemandCourseEvents\":[{\"courseId\":5,\"priority\":1}]}','2016-04-24 18:20:09',1,2,0),(131,2,'{\"studentId\":117,\"studentDemandCourseEvents\":[{\"courseId\":16,\"priority\":1}]}','2016-04-24 18:20:09',1,2,0),(132,2,'{\"studentId\":118,\"studentDemandCourseEvents\":[{\"courseId\":2,\"priority\":1}]}','2016-04-24 18:20:09',1,2,0),(133,2,'{\"studentId\":119,\"studentDemandCourseEvents\":[{\"courseId\":17,\"priority\":1},{\"courseId\":5,\"priority\":4},{\"courseId\":8,\"priority\":2},{\"courseId\":12,\"priority\":3}]}','2016-04-24 18:20:09',1,2,0),(134,2,'{\"studentId\":120,\"studentDemandCourseEvents\":[{\"courseId\":2,\"priority\":1},{\"courseId\":6,\"priority\":4},{\"courseId\":9,\"priority\":3},{\"courseId\":15,\"priority\":2}]}','2016-04-24 18:20:09',1,2,0),(135,2,'{\"studentId\":121,\"studentDemandCourseEvents\":[{\"courseId\":9,\"priority\":2},{\"courseId\":15,\"priority\":1}]}','2016-04-24 18:20:09',1,2,0),(136,2,'{\"studentId\":122,\"studentDemandCourseEvents\":[{\"courseId\":1,\"priority\":4},{\"courseId\":6,\"priority\":1},{\"courseId\":7,\"priority\":3},{\"courseId\":11,\"priority\":5},{\"courseId\":13,\"priority\":2}]}','2016-04-24 18:20:09',1,2,0),(137,2,'{\"studentId\":123,\"studentDemandCourseEvents\":[{\"courseId\":3,\"priority\":4},{\"courseId\":5,\"priority\":5},{\"courseId\":11,\"priority\":1},{\"courseId\":13,\"priority\":3},{\"courseId\":14,\"priority\":2}]}','2016-04-24 18:20:09',1,2,0),(138,2,'{\"studentId\":124,\"studentDemandCourseEvents\":[{\"courseId\":2,\"priority\":2},{\"courseId\":3,\"priority\":1},{\"courseId\":5,\"priority\":4},{\"courseId\":13,\"priority\":3}]}','2016-04-24 18:20:09',1,2,0),(139,2,'{\"studentId\":125,\"studentDemandCourseEvents\":[{\"courseId\":7,\"priority\":2},{\"courseId\":12,\"priority\":1},{\"courseId\":15,\"priority\":3}]}','2016-04-24 18:20:09',1,2,0),(140,2,'{\"studentId\":126,\"studentDemandCourseEvents\":[{\"courseId\":1,\"priority\":1},{\"courseId\":7,\"priority\":2},{\"courseId\":10,\"priority\":3},{\"courseId\":12,\"priority\":4}]}','2016-04-24 18:20:09',1,2,0),(141,2,'{\"studentId\":127,\"studentDemandCourseEvents\":[{\"courseId\":16,\"priority\":4},{\"courseId\":7,\"priority\":3},{\"courseId\":10,\"priority\":2},{\"courseId\":12,\"priority\":1}]}','2016-04-24 18:20:09',1,2,0),(142,2,'{\"studentId\":128,\"studentDemandCourseEvents\":[{\"courseId\":6,\"priority\":1}]}','2016-04-24 18:20:09',1,2,0),(143,2,'{\"studentId\":129,\"studentDemandCourseEvents\":[{\"courseId\":5,\"priority\":1},{\"courseId\":11,\"priority\":2}]}','2016-04-24 18:20:09',1,2,0),(144,2,'{\"studentId\":130,\"studentDemandCourseEvents\":[{\"courseId\":4,\"priority\":1},{\"courseId\":15,\"priority\":2}]}','2016-04-24 18:20:09',1,2,0),(145,2,'{\"studentId\":131,\"studentDemandCourseEvents\":[{\"courseId\":13,\"priority\":1}]}','2016-04-24 18:20:09',1,2,0),(146,2,'{\"studentId\":132,\"studentDemandCourseEvents\":[{\"courseId\":16,\"priority\":3},{\"courseId\":17,\"priority\":4},{\"courseId\":5,\"priority\":1},{\"courseId\":12,\"priority\":2}]}','2016-04-24 18:20:09',1,2,0),(147,2,'{\"studentId\":133,\"studentDemandCourseEvents\":[{\"courseId\":7,\"priority\":2},{\"courseId\":9,\"priority\":5},{\"courseId\":13,\"priority\":3},{\"courseId\":15,\"priority\":1}]}','2016-04-24 18:20:09',1,2,0),(148,2,'{\"studentId\":134,\"studentDemandCourseEvents\":[{\"courseId\":17,\"priority\":3},{\"courseId\":1,\"priority\":4},{\"courseId\":11,\"priority\":1},{\"courseId\":15,\"priority\":5}]}','2016-04-24 18:20:09',1,2,0),(149,2,'{\"studentId\":135,\"studentDemandCourseEvents\":[{\"courseId\":16,\"priority\":1}]}','2016-04-24 18:20:09',1,2,0),(150,2,'{\"studentId\":136,\"studentDemandCourseEvents\":[{\"courseId\":18,\"priority\":2},{\"courseId\":5,\"priority\":1},{\"courseId\":7,\"priority\":5},{\"courseId\":9,\"priority\":4},{\"courseId\":10,\"priority\":3}]}','2016-04-24 18:20:09',1,2,0),(151,2,'{\"studentId\":137,\"studentDemandCourseEvents\":[{\"courseId\":5,\"priority\":4},{\"courseId\":6,\"priority\":1},{\"courseId\":9,\"priority\":2}]}','2016-04-24 18:20:09',1,2,0),(152,2,'{\"studentId\":138,\"studentDemandCourseEvents\":[{\"courseId\":16,\"priority\":2},{\"courseId\":1,\"priority\":1}]}','2016-04-24 18:20:09',1,2,0),(153,2,'{\"studentId\":139,\"studentDemandCourseEvents\":[{\"courseId\":10,\"priority\":1}]}','2016-04-24 18:20:09',1,2,0),(154,2,'{\"studentId\":140,\"studentDemandCourseEvents\":[{\"courseId\":14,\"priority\":1}]}','2016-04-24 18:20:09',1,2,0),(155,2,'{\"studentId\":141,\"studentDemandCourseEvents\":[{\"courseId\":10,\"priority\":2},{\"courseId\":11,\"priority\":1},{\"courseId\":13,\"priority\":5}]}','2016-04-24 18:20:09',1,2,0),(156,2,'{\"studentId\":142,\"studentDemandCourseEvents\":[{\"courseId\":2,\"priority\":1},{\"courseId\":4,\"priority\":2},{\"courseId\":7,\"priority\":4},{\"courseId\":11,\"priority\":3}]}','2016-04-24 18:20:09',1,2,0),(157,2,'{\"studentId\":143,\"studentDemandCourseEvents\":[{\"courseId\":16,\"priority\":4},{\"courseId\":17,\"priority\":3},{\"courseId\":3,\"priority\":2},{\"courseId\":5,\"priority\":1},{\"courseId\":7,\"priority\":5}]}','2016-04-24 18:20:09',1,2,0),(158,2,'{\"studentId\":144,\"studentDemandCourseEvents\":[{\"courseId\":1,\"priority\":1},{\"courseId\":6,\"priority\":3},{\"courseId\":7,\"priority\":2},{\"courseId\":9,\"priority\":4},{\"courseId\":12,\"priority\":5}]}','2016-04-24 18:20:09',1,2,0),(159,2,'{\"studentId\":145,\"studentDemandCourseEvents\":[{\"courseId\":2,\"priority\":1},{\"courseId\":6,\"priority\":2},{\"courseId\":10,\"priority\":4},{\"courseId\":14,\"priority\":3}]}','2016-04-24 18:20:09',1,2,0),(160,2,'{\"studentId\":146,\"studentDemandCourseEvents\":[{\"courseId\":18,\"priority\":2},{\"courseId\":4,\"priority\":3},{\"courseId\":5,\"priority\":5},{\"courseId\":9,\"priority\":4},{\"courseId\":10,\"priority\":1}]}','2016-04-24 18:20:09',1,2,0),(161,2,'{\"studentId\":147,\"studentDemandCourseEvents\":[{\"courseId\":17,\"priority\":3},{\"courseId\":7,\"priority\":2},{\"courseId\":8,\"priority\":5},{\"courseId\":11,\"priority\":1},{\"courseId\":14,\"priority\":4}]}','2016-04-24 18:20:09',1,2,0),(162,2,'{\"studentId\":148,\"studentDemandCourseEvents\":[{\"courseId\":16,\"priority\":1},{\"courseId\":9,\"priority\":2},{\"courseId\":15,\"priority\":3}]}','2016-04-24 18:20:09',1,2,0),(163,2,'{\"studentId\":149,\"studentDemandCourseEvents\":[{\"courseId\":4,\"priority\":2},{\"courseId\":7,\"priority\":1},{\"courseId\":10,\"priority\":5},{\"courseId\":14,\"priority\":3},{\"courseId\":15,\"priority\":4}]}','2016-04-24 18:20:09',1,2,0),(164,2,'{\"studentId\":150,\"studentDemandCourseEvents\":[{\"courseId\":2,\"priority\":1},{\"courseId\":4,\"priority\":2},{\"courseId\":8,\"priority\":3}]}','2016-04-24 18:20:09',1,2,0),(165,2,'{\"studentId\":151,\"studentDemandCourseEvents\":[{\"courseId\":3,\"priority\":1}]}','2016-04-24 18:20:09',1,2,0),(166,2,'{\"studentId\":152,\"studentDemandCourseEvents\":[{\"courseId\":2,\"priority\":2},{\"courseId\":5,\"priority\":1},{\"courseId\":12,\"priority\":3}]}','2016-04-24 18:20:09',1,2,0),(167,2,'{\"studentId\":153,\"studentDemandCourseEvents\":[{\"courseId\":9,\"priority\":2},{\"courseId\":14,\"priority\":1}]}','2016-04-24 18:20:09',1,2,0),(168,2,'{\"studentId\":154,\"studentDemandCourseEvents\":[{\"courseId\":1,\"priority\":1},{\"courseId\":12,\"priority\":2}]}','2016-04-24 18:20:09',1,2,0),(169,2,'{\"studentId\":155,\"studentDemandCourseEvents\":[{\"courseId\":17,\"priority\":1},{\"courseId\":7,\"priority\":2},{\"courseId\":15,\"priority\":3}]}','2016-04-24 18:20:09',1,2,0),(170,2,'{\"studentId\":156,\"studentDemandCourseEvents\":[{\"courseId\":17,\"priority\":1},{\"courseId\":18,\"priority\":3},{\"courseId\":11,\"priority\":2}]}','2016-04-24 18:20:09',1,2,0),(171,2,'{\"studentId\":157,\"studentDemandCourseEvents\":[{\"courseId\":11,\"priority\":1},{\"courseId\":14,\"priority\":2}]}','2016-04-24 18:20:09',1,2,0),(172,2,'{\"studentId\":158,\"studentDemandCourseEvents\":[{\"courseId\":12,\"priority\":3},{\"courseId\":13,\"priority\":2},{\"courseId\":14,\"priority\":1}]}','2016-04-24 18:20:09',1,2,0),(173,2,'{\"studentId\":159,\"studentDemandCourseEvents\":[{\"courseId\":1,\"priority\":1},{\"courseId\":17,\"priority\":2},{\"courseId\":3,\"priority\":3}]}','2016-04-24 18:20:09',1,2,0),(174,2,'{\"studentId\":160,\"studentDemandCourseEvents\":[{\"courseId\":1,\"priority\":4},{\"courseId\":18,\"priority\":3},{\"courseId\":3,\"priority\":1},{\"courseId\":7,\"priority\":2},{\"courseId\":8,\"priority\":5}]}','2016-04-24 18:20:09',1,2,0),(175,2,'{\"studentId\":161,\"studentDemandCourseEvents\":[{\"courseId\":17,\"priority\":2},{\"courseId\":18,\"priority\":3},{\"courseId\":6,\"priority\":4},{\"courseId\":12,\"priority\":1}]}','2016-04-24 18:20:09',1,2,0),(176,2,'{\"studentId\":162,\"studentDemandCourseEvents\":[{\"courseId\":18,\"priority\":1},{\"courseId\":5,\"priority\":3},{\"courseId\":14,\"priority\":2}]}','2016-04-24 18:20:09',1,2,0),(177,2,'{\"studentId\":163,\"studentDemandCourseEvents\":[{\"courseId\":1,\"priority\":3},{\"courseId\":18,\"priority\":2},{\"courseId\":8,\"priority\":1}]}','2016-04-24 18:20:09',1,2,0),(178,2,'{\"studentId\":164,\"studentDemandCourseEvents\":[{\"courseId\":1,\"priority\":3},{\"courseId\":2,\"priority\":4},{\"courseId\":3,\"priority\":1},{\"courseId\":11,\"priority\":2}]}','2016-04-24 18:20:09',1,2,0),(179,2,'{\"studentId\":165,\"studentDemandCourseEvents\":[{\"courseId\":4,\"priority\":2},{\"courseId\":8,\"priority\":1}]}','2016-04-24 18:20:09',1,2,0),(180,2,'{\"studentId\":166,\"studentDemandCourseEvents\":[{\"courseId\":16,\"priority\":2},{\"courseId\":5,\"priority\":1}]}','2016-04-24 18:20:09',1,2,0),(181,2,'{\"studentId\":167,\"studentDemandCourseEvents\":[{\"courseId\":8,\"priority\":1}]}','2016-04-24 18:20:09',1,2,0),(182,2,'{\"studentId\":168,\"studentDemandCourseEvents\":[{\"courseId\":2,\"priority\":1},{\"courseId\":6,\"priority\":2}]}','2016-04-24 18:20:09',1,2,0),(183,2,'{\"studentId\":169,\"studentDemandCourseEvents\":[{\"courseId\":16,\"priority\":2},{\"courseId\":10,\"priority\":1}]}','2016-04-24 18:20:09',1,2,0),(184,2,'{\"studentId\":170,\"studentDemandCourseEvents\":[{\"courseId\":1,\"priority\":1},{\"courseId\":6,\"priority\":2},{\"courseId\":12,\"priority\":3}]}','2016-04-24 18:20:09',1,2,0),(185,2,'{\"studentId\":171,\"studentDemandCourseEvents\":[{\"courseId\":17,\"priority\":3},{\"courseId\":1,\"priority\":5},{\"courseId\":2,\"priority\":4},{\"courseId\":9,\"priority\":2},{\"courseId\":10,\"priority\":1}]}','2016-04-24 18:20:09',1,2,0),(186,2,'{\"studentId\":172,\"studentDemandCourseEvents\":[{\"courseId\":16,\"priority\":1},{\"courseId\":2,\"priority\":2},{\"courseId\":10,\"priority\":3}]}','2016-04-24 18:20:09',1,2,0),(187,2,'{\"studentId\":173,\"studentDemandCourseEvents\":[{\"courseId\":2,\"priority\":3},{\"courseId\":8,\"priority\":4},{\"courseId\":10,\"priority\":2},{\"courseId\":14,\"priority\":1}]}','2016-04-24 18:20:09',1,2,0),(188,2,'{\"studentId\":174,\"studentDemandCourseEvents\":[{\"courseId\":17,\"priority\":1},{\"courseId\":2,\"priority\":4},{\"courseId\":3,\"priority\":2},{\"courseId\":7,\"priority\":3},{\"courseId\":15,\"priority\":5}]}','2016-04-24 18:20:09',1,2,0),(189,2,'{\"studentId\":175,\"studentDemandCourseEvents\":[{\"courseId\":2,\"priority\":3},{\"courseId\":5,\"priority\":1},{\"courseId\":13,\"priority\":2}]}','2016-04-24 18:20:09',1,2,0),(190,2,'{\"studentId\":176,\"studentDemandCourseEvents\":[{\"courseId\":12,\"priority\":1}]}','2016-04-24 18:20:09',1,2,0),(191,2,'{\"studentId\":177,\"studentDemandCourseEvents\":[{\"courseId\":14,\"priority\":2},{\"courseId\":15,\"priority\":1}]}','2016-04-24 18:20:09',1,2,0),(192,2,'{\"studentId\":178,\"studentDemandCourseEvents\":[{\"courseId\":8,\"priority\":1},{\"courseId\":15,\"priority\":2}]}','2016-04-24 18:20:09',1,2,0),(193,2,'{\"studentId\":179,\"studentDemandCourseEvents\":[{\"courseId\":8,\"priority\":1}]}','2016-04-24 18:20:09',1,2,0),(194,2,'{\"studentId\":180,\"studentDemandCourseEvents\":[{\"courseId\":18,\"priority\":1},{\"courseId\":9,\"priority\":3}]}','2016-04-24 18:20:09',1,2,0),(195,2,'{\"studentId\":181,\"studentDemandCourseEvents\":[{\"courseId\":2,\"priority\":1},{\"courseId\":18,\"priority\":2},{\"courseId\":9,\"priority\":4},{\"courseId\":15,\"priority\":3}]}','2016-04-24 18:20:09',1,2,0),(196,2,'{\"studentId\":182,\"studentDemandCourseEvents\":[{\"courseId\":17,\"priority\":4},{\"courseId\":4,\"priority\":1},{\"courseId\":6,\"priority\":2},{\"courseId\":7,\"priority\":3}]}','2016-04-24 18:20:09',1,2,0),(197,2,'{\"studentId\":183,\"studentDemandCourseEvents\":[{\"courseId\":4,\"priority\":2},{\"courseId\":10,\"priority\":1}]}','2016-04-24 18:20:09',1,2,0),(198,2,'{\"studentId\":184,\"studentDemandCourseEvents\":[{\"courseId\":16,\"priority\":1},{\"courseId\":5,\"priority\":4},{\"courseId\":9,\"priority\":3},{\"courseId\":13,\"priority\":2}]}','2016-04-24 18:20:09',1,2,0),(199,2,'{\"studentId\":185,\"studentDemandCourseEvents\":[{\"courseId\":17,\"priority\":4},{\"courseId\":18,\"priority\":3},{\"courseId\":6,\"priority\":1},{\"courseId\":13,\"priority\":2}]}','2016-04-24 18:20:09',1,2,0),(200,2,'{\"studentId\":186,\"studentDemandCourseEvents\":[{\"courseId\":1,\"priority\":2},{\"courseId\":9,\"priority\":3},{\"courseId\":13,\"priority\":1}]}','2016-04-24 18:20:09',1,2,0),(201,2,'{\"studentId\":187,\"studentDemandCourseEvents\":[{\"courseId\":2,\"priority\":1},{\"courseId\":4,\"priority\":2},{\"courseId\":11,\"priority\":3}]}','2016-04-24 18:20:09',1,2,0),(202,2,'{\"studentId\":188,\"studentDemandCourseEvents\":[{\"courseId\":5,\"priority\":3},{\"courseId\":7,\"priority\":1},{\"courseId\":9,\"priority\":2}]}','2016-04-24 18:20:09',1,2,0),(203,2,'{\"studentId\":189,\"studentDemandCourseEvents\":[{\"courseId\":1,\"priority\":1},{\"courseId\":17,\"priority\":5},{\"courseId\":18,\"priority\":4},{\"courseId\":3,\"priority\":2},{\"courseId\":13,\"priority\":3}]}','2016-04-24 18:20:09',1,2,0),(204,2,'{\"studentId\":190,\"studentDemandCourseEvents\":[{\"courseId\":6,\"priority\":1}]}','2016-04-24 18:20:09',1,2,0),(205,2,'{\"studentId\":191,\"studentDemandCourseEvents\":[{\"courseId\":3,\"priority\":1}]}','2016-04-24 18:20:09',1,2,0),(206,2,'{\"studentId\":192,\"studentDemandCourseEvents\":[{\"courseId\":5,\"priority\":2},{\"courseId\":9,\"priority\":1}]}','2016-04-24 18:20:09',1,2,0),(207,2,'{\"studentId\":193,\"studentDemandCourseEvents\":[{\"courseId\":5,\"priority\":1},{\"courseId\":14,\"priority\":2}]}','2016-04-24 18:20:09',1,2,0),(208,2,'{\"studentId\":194,\"studentDemandCourseEvents\":[{\"courseId\":17,\"priority\":3},{\"courseId\":6,\"priority\":1},{\"courseId\":7,\"priority\":2},{\"courseId\":8,\"priority\":4}]}','2016-04-24 18:20:09',1,2,0),(209,2,'{\"studentId\":195,\"studentDemandCourseEvents\":[{\"courseId\":9,\"priority\":2},{\"courseId\":15,\"priority\":1}]}','2016-04-24 18:20:09',1,2,0),(210,2,'{\"studentId\":196,\"studentDemandCourseEvents\":[{\"courseId\":1,\"priority\":1},{\"courseId\":6,\"priority\":3},{\"courseId\":7,\"priority\":2}]}','2016-04-24 18:20:09',1,2,0),(211,2,'{\"studentId\":197,\"studentDemandCourseEvents\":[{\"courseId\":1,\"priority\":2},{\"courseId\":2,\"priority\":4},{\"courseId\":5,\"priority\":1},{\"courseId\":8,\"priority\":3},{\"courseId\":9,\"priority\":5}]}','2016-04-24 18:20:09',1,2,0),(212,2,'{\"studentId\":198,\"studentDemandCourseEvents\":[{\"courseId\":16,\"priority\":2},{\"courseId\":10,\"priority\":3},{\"courseId\":13,\"priority\":1}]}','2016-04-24 18:20:09',1,2,0),(213,2,'{\"studentId\":199,\"studentDemandCourseEvents\":[{\"courseId\":4,\"priority\":3},{\"courseId\":7,\"priority\":4},{\"courseId\":12,\"priority\":2},{\"courseId\":14,\"priority\":1}]}','2016-04-24 18:20:09',1,2,0),(214,2,'{\"studentId\":200,\"studentDemandCourseEvents\":[{\"courseId\":15,\"priority\":1}]}','2016-04-24 18:20:09',1,2,0),(215,2,'{\"studentId\":1,\"studentDemandCourseEvents\":[{\"courseId\":4,\"priority\":2},{\"courseId\":10,\"priority\":1}]}','2016-04-24 18:20:30',0,2,1),(216,2,'{\"studentId\":1,\"studentDemandCourseEvents\":[{\"courseId\":3,\"priority\":2},{\"courseId\":4,\"priority\":3},{\"courseId\":14,\"priority\":1}]}','2016-04-24 18:21:04',0,2,1),(217,2,'{\"studentId\":3,\"studentDemandCourseEvents\":[{\"courseId\":2,\"priority\":1},{\"courseId\":8,\"priority\":2}]}','2016-04-24 18:22:24',0,2,1),(218,2,'{\"studentId\":3,\"studentDemandCourseEvents\":[{\"courseId\":16,\"priority\":3},{\"courseId\":2,\"priority\":1},{\"courseId\":5,\"priority\":2}]}','2016-04-24 18:22:43',0,2,1);
/*!40000 ALTER TABLE `EventLog` ENABLE KEYS */;
UNLOCK TABLES;

--
-- Table structure for table `EventLogType`
--

DROP TABLE IF EXISTS `EventLogType`;
/*!40101 SET @saved_cs_client     = @@character_set_client */;
/*!40101 SET character_set_client = utf8 */;
CREATE TABLE `EventLogType` (
  `id` int(11) NOT NULL,
  `typeName` varchar(20) NOT NULL,
  `description` varchar(500) DEFAULT NULL,
  PRIMARY KEY (`id`)
) ENGINE=InnoDB DEFAULT CHARSET=utf8;
/*!40101 SET character_set_client = @saved_cs_client */;

--
-- Dumping data for table `EventLogType`
--

LOCK TABLES `EventLogType` WRITE;
/*!40000 ALTER TABLE `EventLogType` DISABLE KEYS */;
INSERT INTO `EventLogType` VALUES (1,'COURSES_ADDED','Added a set of courses for a particular semester'),(2,'STUDENT_DEMAND_ADDED','Added a set of student demanded courses for a particular semester');
/*!40000 ALTER TABLE `EventLogType` ENABLE KEYS */;
UNLOCK TABLES;

--
-- Table structure for table `Semester`
--

DROP TABLE IF EXISTS `Semester`;
/*!40101 SET @saved_cs_client     = @@character_set_client */;
/*!40101 SET character_set_client = utf8 */;
CREATE TABLE `Semester` (
  `id` int(11) NOT NULL,
  `name` varchar(25) NOT NULL,
  `startDate` varchar(20) DEFAULT NULL,
  `endDate` varchar(20) DEFAULT NULL,
  PRIMARY KEY (`id`)
) ENGINE=InnoDB DEFAULT CHARSET=utf8;
/*!40101 SET character_set_client = @saved_cs_client */;

--
-- Dumping data for table `Semester`
--

LOCK TABLES `Semester` WRITE;
/*!40000 ALTER TABLE `Semester` DISABLE KEYS */;
INSERT INTO `Semester` VALUES (1,'Fall Year 1','8/1/15','12/1/15'),(2,'Spring Year 1','2/1/16','6/1/16'),(3,'Summer Year 1','6/1/16','8/1/16'),(4,'Fall Year 2','8/1/16','12/1/16'),(5,'Spring Year 2','2/1/17','6/1/17'),(6,'Summer Year 2','6/1/17','8/1/17'),(7,'Fall Year 3','8/1/17','12/1/17'),(8,'Spring Year 3','2/1/18','6/1/18'),(9,'Summer Year 3','6/1/18','8/1/18'),(10,'Fall Year 4','8/1/18','12/1/18'),(11,'Spring Year 4','2/1/19','6/1/19'),(12,'Summer Year 4','6/1/19','8/1/19');
/*!40000 ALTER TABLE `Semester` ENABLE KEYS */;
UNLOCK TABLES;

--
-- Table structure for table `Student`
--

DROP TABLE IF EXISTS `Student`;
/*!40101 SET @saved_cs_client     = @@character_set_client */;
/*!40101 SET character_set_client = utf8 */;
CREATE TABLE `Student` (
  `id` int(11) NOT NULL,
  `seniority` int(11) NOT NULL,
  `gpa` decimal(3,2) NOT NULL,
  PRIMARY KEY (`id`)
) ENGINE=InnoDB DEFAULT CHARSET=utf8;
/*!40101 SET character_set_client = @saved_cs_client */;

--
-- Dumping data for table `Student`
--

LOCK TABLES `Student` WRITE;
/*!40000 ALTER TABLE `Student` DISABLE KEYS */;
INSERT INTO `Student` VALUES (1,2,3.00),(2,2,3.50),(3,5,3.50),(4,2,2.50),(5,1,3.50),(6,3,3.50),(7,4,2.00),(8,4,3.50),(9,6,2.50),(10,7,4.00),(11,3,3.50),(12,5,1.50),(13,4,2.50),(14,3,1.00),(15,5,4.00),(16,5,2.50),(17,3,1.50),(18,2,2.00),(19,2,1.50),(20,7,3.50),(21,2,3.50),(22,2,2.00),(23,6,2.50),(24,4,1.00),(25,5,3.00),(26,3,3.50),(27,2,1.50),(28,2,2.00),(29,4,1.00),(30,2,4.00),(31,1,3.50),(32,3,1.00),(33,5,4.00),(34,7,1.50),(35,2,1.50),(36,5,3.00),(37,6,1.50),(38,1,3.00),(39,4,1.50),(40,2,1.00),(41,4,1.50),(42,1,4.00),(43,3,1.00),(44,2,2.50),(45,1,3.50),(46,2,1.50),(47,3,3.00),(48,6,4.00),(49,4,3.50),(50,1,1.50),(51,3,4.00),(52,7,1.00),(53,1,1.50),(54,2,3.00),(55,2,2.50),(56,2,2.50),(57,1,1.50),(58,2,1.50),(59,3,3.00),(60,5,1.00),(61,5,3.00),(62,5,3.00),(63,3,2.50),(64,4,3.50),(65,3,1.50),(66,4,1.50),(67,1,4.00),(68,3,1.00),(69,4,1.50),(70,2,3.50),(71,7,3.00),(72,3,1.00),(73,2,4.00),(74,3,3.50),(75,3,4.00),(76,7,2.00),(77,5,3.50),(78,6,3.00),(79,3,1.00),(80,4,3.00),(81,2,3.50),(82,4,3.00),(83,1,3.00),(84,3,3.50),(85,7,3.50),(86,7,4.00),(87,3,3.50),(88,4,3.00),(89,3,4.00),(90,7,3.50),(91,2,3.00),(92,3,2.00),(93,7,3.50),(94,2,1.00),(95,2,1.00),(96,1,3.50),(97,3,1.00),(98,4,2.00),(99,3,3.50),(100,2,3.00),(101,2,2.00),(102,3,1.50),(103,4,2.00),(104,5,1.00),(105,1,3.00),(106,4,3.00),(107,3,3.50),(108,3,3.00),(109,7,3.00),(110,4,3.00),(111,2,4.00),(112,4,2.50),(113,3,2.00),(114,2,4.00),(115,2,4.00),(116,3,3.50),(117,2,1.00),(118,4,4.00),(119,2,2.50),(120,2,2.50),(121,3,2.50),(122,3,3.50),(123,2,3.00),(124,7,2.00),(125,3,2.50),(126,4,4.00),(127,1,2.50),(128,7,1.50),(129,7,1.00),(130,3,1.00),(131,2,3.50),(132,3,1.50),(133,4,3.00),(134,7,3.50),(135,2,4.00),(136,4,1.50),(137,1,1.00),(138,6,2.00),(139,3,2.00),(140,3,4.00),(141,2,1.50),(142,3,1.00),(143,3,1.00),(144,3,1.00),(145,7,2.00),(146,3,1.00),(147,2,1.00),(148,1,3.50),(149,3,3.50),(150,7,3.00),(151,3,1.00),(152,4,3.50),(153,2,4.00),(154,2,3.50),(155,7,4.00),(156,3,2.50),(157,3,2.00),(158,3,1.50),(159,2,3.00),(160,7,2.50),(161,4,3.00),(162,7,3.00),(163,2,1.00),(164,4,3.50),(165,3,2.00),(166,6,4.00),(167,5,3.00),(168,5,2.00),(169,4,3.00),(170,3,2.50),(171,4,4.00),(172,5,1.00),(173,3,1.00),(174,2,4.00),(175,2,3.50),(176,7,1.00),(177,3,4.00),(178,7,3.50),(179,2,2.50),(180,2,1.50),(181,7,2.00),(182,4,3.00),(183,7,3.50),(184,2,4.00),(185,3,2.00),(186,4,1.00),(187,2,3.00),(188,7,1.00),(189,5,4.00),(190,2,3.00),(191,2,2.50),(192,2,1.50),(193,7,3.50),(194,4,2.00),(195,4,3.50),(196,3,1.00),(197,4,1.00),(198,3,2.50),(199,4,1.50),(200,5,3.00);
/*!40000 ALTER TABLE `Student` ENABLE KEYS */;
UNLOCK TABLES;

--
-- Table structure for table `StudentDemand`
--

DROP TABLE IF EXISTS `StudentDemand`;
/*!40101 SET @saved_cs_client     = @@character_set_client */;
/*!40101 SET character_set_client = utf8 */;
CREATE TABLE `StudentDemand` (
  `id` int(11) NOT NULL AUTO_INCREMENT,
  `studentId` int(11) NOT NULL,
  `courseId` int(11) NOT NULL,
  `semesterId` int(11) NOT NULL,
  PRIMARY KEY (`id`),
  UNIQUE KEY `StudentDemandUniqIdx` (`studentId`,`courseId`,`semesterId`),
  KEY `StudentDemandCourseIdIdx` (`courseId`),
  KEY `StudentDemandSemesterIdIdx` (`semesterId`),
  CONSTRAINT `StudentDemandFkCourseId` FOREIGN KEY (`courseId`) REFERENCES `Course` (`id`) ON DELETE CASCADE,
  CONSTRAINT `StudentDemandFkSemesterId` FOREIGN KEY (`semesterId`) REFERENCES `Semester` (`id`) ON DELETE CASCADE,
  CONSTRAINT `StudentDemandFkStudentId` FOREIGN KEY (`studentId`) REFERENCES `Student` (`id`) ON DELETE CASCADE
) ENGINE=InnoDB AUTO_INCREMENT=1120 DEFAULT CHARSET=utf8;
/*!40101 SET character_set_client = @saved_cs_client */;

--
-- Dumping data for table `StudentDemand`
--

LOCK TABLES `StudentDemand` WRITE;
/*!40000 ALTER TABLE `StudentDemand` DISABLE KEYS */;
INSERT INTO `StudentDemand` VALUES (1,1,13,3),(2,1,17,7),(3,1,18,9),(4,2,12,6),(5,2,13,7),(6,2,16,8),(7,2,17,10),(8,3,5,2),(9,3,13,6),(10,3,14,8),(11,3,16,9),(12,3,17,10),(13,3,18,12),(14,4,4,1),(15,4,7,4),(16,4,8,7),(17,4,12,8),(18,4,15,9),(19,4,16,10),(20,4,17,11),(21,4,18,12),(22,5,13,1),(23,5,14,5),(24,5,15,10),(25,5,17,11),(26,5,18,12),(27,6,13,7),(28,6,14,8),(29,6,16,10),(30,6,18,11),(31,7,6,4),(32,7,12,8),(33,7,15,9),(34,7,16,10),(35,7,17,11),(36,7,18,12),(37,8,1,1),(38,8,11,6),(39,8,12,7),(40,8,13,8),(41,8,15,9),(42,8,16,10),(43,8,17,11),(44,8,18,12),(45,9,11,4),(46,9,14,5),(47,9,15,6),(48,9,16,10),(49,9,17,11),(50,10,8,1),(51,10,14,3),(52,10,15,6),(53,10,16,7),(54,11,12,1),(55,11,13,5),(56,11,14,8),(57,11,15,9),(58,11,16,10),(59,11,17,11),(60,11,18,12),(61,12,13,4),(62,12,16,6),(63,12,17,11),(64,12,18,12),(65,13,11,2),(66,13,17,3),(67,13,18,5),(68,14,6,3),(69,14,8,5),(70,14,14,8),(71,14,15,9),(72,14,16,10),(73,14,17,11),(74,14,18,12),(75,15,1,6),(76,15,11,7),(77,15,14,8),(78,15,15,9),(79,15,16,10),(80,15,17,11),(81,15,18,12),(82,16,9,2),(83,16,11,7),(84,16,14,9),(85,16,16,10),(86,16,17,11),(87,16,18,12),(88,17,2,3),(89,17,5,4),(90,17,11,7),(91,17,13,8),(92,17,14,10),(93,17,16,11),(94,18,4,5),(95,18,10,7),(96,18,13,8),(97,18,14,9),(98,18,16,10),(99,18,17,11),(100,18,18,12),(101,19,7,3),(102,19,9,6),(103,19,11,7),(104,19,13,8),(105,19,15,9),(106,19,16,10),(107,19,17,11),(108,19,18,12),(109,20,6,5),(110,20,10,6),(111,20,13,7),(112,20,14,8),(113,20,15,9),(114,20,16,10),(115,20,17,11),(116,20,18,12),(117,21,12,2),(118,21,13,7),(119,21,15,9),(120,21,16,10),(121,21,17,11),(122,21,18,12),(123,22,6,2),(124,22,12,9),(125,22,13,10),(126,22,15,11),(127,22,18,12),(128,23,6,10),(129,23,7,11),(130,23,16,12),(131,24,1,5),(132,24,3,6),(133,24,6,7),(134,24,16,8),(135,24,17,9),(136,24,18,10),(137,25,3,6),(138,25,6,7),(139,25,15,9),(140,25,16,10),(141,25,17,11),(142,25,18,12),(143,26,11,1),(144,26,13,5),(145,26,14,8),(146,26,15,10),(147,26,16,11),(148,26,18,12),(149,27,8,5),(150,27,16,10),(151,27,17,12),(152,28,5,2),(153,28,11,5),(154,29,3,6),(155,29,8,7),(156,29,13,8),(157,29,14,9),(158,29,16,10),(159,29,17,11),(160,29,18,12),(161,30,10,4),(162,30,13,5),(163,30,14,8),(164,30,15,9),(165,30,16,10),(166,30,17,11),(167,30,18,12),(168,31,1,10),(169,31,14,11),(170,31,17,12),(171,32,3,7),(172,32,10,8),(173,32,11,9),(174,32,13,10),(175,32,16,11),(176,32,17,12),(177,33,10,7),(178,33,14,8),(179,33,15,9),(180,33,16,10),(181,33,17,11),(182,33,18,12),(183,34,15,7),(184,34,17,11),(185,34,18,12),(186,35,3,3),(187,35,9,5),(188,35,11,6),(189,35,13,7),(190,35,14,8),(191,35,15,9),(192,35,16,10),(193,35,17,11),(194,35,18,12),(195,36,13,1),(196,36,14,6),(197,36,17,9),(198,37,2,3),(199,37,4,4),(200,37,13,7),(201,37,14,8),(202,37,16,9),(203,37,17,11),(204,37,18,12),(205,38,10,6),(206,38,12,8),(207,38,14,9),(208,38,15,10),(209,38,16,11),(210,38,18,12),(211,39,5,1),(212,39,12,5),(213,39,13,7),(214,39,14,8),(215,39,15,9),(216,39,16,10),(217,39,17,11),(218,39,18,12),(219,40,2,4),(220,40,4,5),(221,40,8,7),(222,40,11,10),(223,40,17,11),(224,40,18,12),(225,41,1,4),(226,41,15,8),(227,41,16,9),(228,41,17,11),(229,41,18,12),(230,42,8,2),(231,42,9,3),(232,42,10,7),(233,42,13,8),(234,42,14,9),(235,42,15,10),(236,42,16,11),(237,42,18,12),(238,43,1,5),(239,43,9,7),(240,43,10,8),(241,43,15,9),(242,43,16,10),(243,43,17,11),(244,43,18,12),(245,44,12,2),(246,44,13,6),(247,44,14,7),(248,44,15,8),(249,44,16,10),(250,44,17,11),(251,44,18,12),(252,45,11,5),(253,45,12,6),(254,45,13,7),(255,45,14,8),(256,45,15,9),(257,45,16,10),(258,45,17,11),(259,45,18,12),(260,46,9,3),(261,46,13,5),(262,46,14,7),(263,46,15,8),(264,46,16,9),(265,46,17,11),(266,46,18,12),(267,47,14,6),(268,47,16,7),(269,47,17,11),(270,47,18,12),(271,48,14,8),(272,48,15,9),(273,48,16,10),(274,48,17,11),(275,48,18,12),(276,49,8,3),(277,49,10,4),(278,49,11,5),(279,49,13,6),(280,49,14,7),(281,49,15,8),(282,49,16,10),(283,49,17,11),(284,49,18,12),(285,50,6,1),(286,50,10,5),(287,50,16,12),(288,51,1,6),(289,51,5,8),(290,51,9,9),(291,51,12,10),(292,51,16,11),(293,52,12,7),(294,52,14,10),(295,52,17,11),(296,52,18,12),(297,53,8,1),(298,53,11,6),(299,53,12,7),(300,53,13,8),(301,53,15,9),(302,53,16,10),(303,53,17,11),(304,53,18,12),(305,54,10,2),(306,54,14,4),(307,54,15,5),(308,54,16,7),(309,54,17,8),(310,54,18,11),(311,55,5,5),(312,55,13,6),(313,55,15,9),(314,55,16,10),(315,55,17,11),(316,55,18,12),(317,56,9,4),(318,56,11,6),(319,56,12,7),(320,56,14,8),(321,56,15,9),(322,56,16,10),(323,56,17,11),(324,56,18,12),(325,57,2,6),(326,57,14,9),(327,57,15,10),(328,57,17,11),(329,57,18,12),(330,58,4,5),(331,58,6,6),(332,58,8,7),(333,58,11,8),(334,58,15,9),(335,58,16,10),(336,58,17,11),(337,58,18,12),(338,59,5,1),(339,59,11,4),(340,59,13,8),(341,59,15,9),(342,59,16,10),(343,59,17,11),(344,59,18,12),(345,60,4,8),(346,60,12,9),(347,60,15,10),(348,60,16,11),(349,60,18,12),(350,61,10,4),(351,61,13,6),(352,61,14,7),(353,61,15,9),(354,61,16,10),(355,61,17,11),(356,61,18,12),(357,62,2,5),(358,62,13,8),(359,62,14,9),(360,62,16,10),(361,62,17,11),(362,62,18,12),(363,63,1,5),(364,63,5,10),(365,63,8,12),(366,64,9,4),(367,64,11,6),(368,64,13,7),(369,64,14,8),(370,64,16,10),(371,64,17,11),(372,64,18,12),(373,65,6,8),(374,65,9,9),(375,65,16,10),(376,66,1,7),(377,66,4,8),(378,66,6,11),(379,66,16,12),(380,67,9,5),(381,67,13,7),(382,67,14,8),(383,67,15,9),(384,67,16,10),(385,67,17,11),(386,67,18,12),(387,68,6,5),(388,68,7,7),(389,68,17,10),(390,68,18,11),(391,69,7,4),(392,69,10,6),(393,69,12,7),(394,69,13,8),(395,69,14,9),(396,69,16,10),(397,69,17,11),(398,69,18,12),(399,70,10,2),(400,70,11,5),(401,70,12,7),(402,70,14,8),(403,70,15,9),(404,70,16,10),(405,70,17,11),(406,70,18,12),(407,71,12,4),(408,71,16,5),(409,71,17,8),(410,71,18,12),(411,72,14,5),(412,72,15,9),(413,72,16,10),(414,72,17,11),(415,72,18,12),(416,73,3,1),(417,73,6,5),(418,73,11,6),(419,73,13,9),(420,73,16,10),(421,73,17,11),(422,73,18,12),(423,74,5,1),(424,74,9,11),(425,75,9,5),(426,75,15,6),(427,75,16,7),(428,75,17,11),(429,75,18,12),(430,76,6,2),(431,76,11,3),(432,76,14,5),(433,76,15,6),(434,76,16,8),(435,76,17,9),(436,76,18,11),(437,77,11,3),(438,77,13,7),(439,77,14,8),(440,77,15,9),(441,77,17,11),(442,77,18,12),(443,78,13,6),(444,78,15,8),(445,78,16,10),(446,78,17,11),(447,78,18,12),(448,79,3,3),(449,79,4,5),(450,79,10,6),(451,79,11,9),(452,79,14,10),(453,79,15,11),(454,79,18,12),(455,80,3,6),(456,80,4,7),(457,80,7,8),(458,80,9,9),(459,80,13,10),(460,80,15,11),(461,80,18,12),(462,81,2,8),(463,81,10,9),(464,81,13,11),(465,81,16,12),(466,82,14,4),(467,82,17,6),(468,82,18,12),(469,83,7,3),(470,83,10,10),(471,83,16,11),(472,84,12,2),(473,84,16,6),(474,84,17,7),(475,84,18,9),(476,85,6,3),(477,85,13,7),(478,85,15,9),(479,85,16,10),(480,85,17,11),(481,85,18,12),(482,86,5,6),(483,86,18,10),(484,87,11,2),(485,87,12,4),(486,87,13,6),(487,87,16,10),(488,87,17,11),(489,87,18,12),(490,88,9,7),(491,88,10,8),(492,88,12,9),(493,88,15,10),(494,88,17,11),(495,88,18,12),(496,89,1,4),(497,89,9,5),(498,89,12,6),(499,89,13,7),(500,89,14,8),(501,89,15,9),(502,89,16,10),(503,89,17,11),(504,89,18,12),(505,90,3,2),(506,90,10,6),(507,90,14,7),(508,90,15,9),(509,90,16,10),(510,90,17,11),(511,90,18,12),(512,91,4,2),(513,91,14,10),(514,92,12,3),(515,92,13,4),(516,92,15,8),(517,92,16,9),(518,92,17,10),(519,92,18,11),(520,93,11,9),(521,93,16,10),(522,93,17,11),(523,93,18,12),(524,94,7,8),(525,94,10,9),(526,94,13,11),(527,95,10,2),(528,95,11,6),(529,95,14,7),(530,95,15,8),(531,95,16,9),(532,95,17,10),(533,95,18,11),(534,96,9,3),(535,96,11,6),(536,96,12,7),(537,96,13,8),(538,96,15,9),(539,96,16,10),(540,96,17,11),(541,96,18,12),(542,97,12,8),(543,97,14,9),(544,97,15,10),(545,97,16,12),(546,98,7,1),(547,98,14,2),(548,98,15,9),(549,98,16,10),(550,98,17,11),(551,98,18,12),(552,99,3,5),(553,99,12,9),(554,99,13,11),(555,99,15,12),(556,100,11,1),(557,100,15,4),(558,100,16,9),(559,100,17,10),(560,100,18,12),(561,101,6,9),(562,101,10,10),(563,101,15,11),(564,102,6,6),(565,102,11,8),(566,102,15,9),(567,102,16,11),(568,102,18,12),(569,103,6,8),(570,103,13,9),(571,103,16,10),(572,103,17,11),(573,103,18,12),(574,104,13,3),(575,104,16,9),(576,104,17,11),(577,104,18,12),(578,105,1,8),(579,105,4,9),(580,105,16,10),(581,105,17,11),(582,105,18,12),(583,106,3,3),(584,106,7,8),(585,106,14,9),(586,106,15,10),(587,106,16,11),(588,106,18,12),(589,107,9,6),(590,107,13,7),(591,107,16,8),(592,107,17,10),(593,107,18,12),(594,108,10,4),(595,108,13,5),(596,108,15,7),(597,108,16,10),(598,108,17,11),(599,108,18,12),(600,109,6,5),(601,109,9,9),(602,109,14,11),(603,109,17,12),(604,110,2,7),(605,110,9,8),(606,110,12,9),(607,110,14,10),(608,110,17,11),(609,110,18,12),(610,111,10,3),(611,111,11,5),(612,111,12,6),(613,111,13,7),(614,111,14,8),(615,111,15,9),(616,111,16,10),(617,111,17,11),(618,111,18,12),(619,112,10,5),(620,112,12,6),(621,112,13,7),(622,112,14,8),(623,112,15,9),(624,112,16,10),(625,112,17,11),(626,112,18,12),(627,113,9,4),(628,113,10,8),(629,113,15,9),(630,113,16,10),(631,113,17,11),(632,113,18,12),(633,114,10,2),(634,114,16,10),(635,114,18,11),(636,115,6,5),(637,115,13,8),(638,115,14,9),(639,115,16,10),(640,115,17,11),(641,115,18,12),(642,116,5,5),(643,116,11,7),(644,116,15,9),(645,116,16,10),(646,116,17,11),(647,116,18,12),(648,117,13,7),(649,117,14,8),(650,117,15,9),(651,117,16,10),(652,117,17,11),(653,117,18,12),(654,118,3,3),(655,118,14,4),(656,118,16,8),(657,118,17,11),(658,118,18,12),(659,119,6,8),(660,119,14,9),(661,119,16,11),(662,119,17,12),(663,120,12,8),(664,120,17,9),(665,120,18,11),(666,121,9,1),(667,121,12,5),(668,121,13,7),(669,121,14,8),(670,121,15,9),(671,121,16,10),(672,121,17,11),(673,121,18,12),(674,122,2,2),(675,122,12,5),(676,122,13,7),(677,122,14,8),(678,122,15,9),(679,122,16,10),(680,122,17,11),(681,122,18,12),(682,123,14,7),(683,123,15,8),(684,123,16,10),(685,123,17,11),(686,123,18,12),(687,124,2,6),(688,124,11,7),(689,124,12,10),(690,124,15,11),(691,124,18,12),(692,125,9,5),(693,125,14,6),(694,125,16,8),(695,125,17,10),(696,125,18,11),(697,126,4,2),(698,126,12,7),(699,126,13,8),(700,126,14,9),(701,126,16,10),(702,126,17,11),(703,126,18,12),(704,127,3,5),(705,127,11,6),(706,127,13,7),(707,127,14,8),(708,127,15,9),(709,127,16,10),(710,127,17,11),(711,127,18,12),(712,128,10,1),(713,128,11,7),(714,128,13,8),(715,128,14,9),(716,128,15,10),(717,128,16,11),(718,128,18,12),(719,129,8,3),(720,129,9,7),(721,129,11,8),(722,129,14,9),(723,129,16,10),(724,129,17,11),(725,129,18,12),(726,130,13,2),(727,130,14,5),(728,130,15,6),(729,130,16,9),(730,130,17,10),(731,130,18,11),(732,131,14,8),(733,131,15,9),(734,131,16,10),(735,131,17,11),(736,131,18,12),(737,132,13,9),(738,132,17,10),(739,132,18,12),(740,133,15,4),(741,133,16,10),(742,133,17,11),(743,133,18,12),(744,134,2,3),(745,134,10,7),(746,134,12,8),(747,134,16,9),(748,134,17,10),(749,134,18,11),(750,135,1,6),(751,135,15,8),(752,135,16,10),(753,135,17,11),(754,135,18,12),(755,136,6,2),(756,136,15,3),(757,136,16,6),(758,136,17,9),(759,136,18,11),(760,137,3,1),(761,137,14,5),(762,137,17,9),(763,137,18,11),(764,138,4,4),(765,138,8,5),(766,138,11,6),(767,138,14,9),(768,138,16,10),(769,138,17,11),(770,138,18,12),(771,139,10,6),(772,139,14,8),(773,139,15,9),(774,139,16,10),(775,139,17,11),(776,139,18,12),(777,140,5,5),(778,140,10,6),(779,140,13,7),(780,140,14,9),(781,140,15,10),(782,140,17,11),(783,140,18,12),(784,141,11,4),(785,141,12,6),(786,141,13,7),(787,141,15,8),(788,141,16,10),(789,141,17,11),(790,141,18,12),(791,142,5,1),(792,142,13,8),(793,142,15,9),(794,142,16,10),(795,142,17,11),(796,142,18,12),(797,143,12,2),(798,143,16,7),(799,143,17,11),(800,144,2,2),(801,144,6,5),(802,144,10,8),(803,144,11,9),(804,144,13,10),(805,144,17,11),(806,144,18,12),(807,145,12,1),(808,145,13,7),(809,145,15,8),(810,145,16,9),(811,145,17,11),(812,145,18,12),(813,146,4,7),(814,146,11,9),(815,146,14,10),(816,146,16,11),(817,146,18,12),(818,147,11,2),(819,147,13,4),(820,147,14,7),(821,147,15,9),(822,147,16,10),(823,147,17,11),(824,147,18,12),(825,148,11,4),(826,148,14,5),(827,148,16,10),(828,148,17,11),(829,148,18,12),(830,149,9,1),(831,149,12,6),(832,149,16,9),(833,149,17,10),(834,149,18,12),(835,150,11,4),(836,150,13,7),(837,150,15,10),(838,150,17,11),(839,150,18,12),(840,151,1,2),(841,151,5,5),(842,151,10,8),(843,151,13,9),(844,152,5,3),(845,152,12,5),(846,153,5,2),(847,153,6,3),(848,153,9,6),(849,153,14,7),(850,153,15,9),(851,153,16,10),(852,153,17,11),(853,153,18,12),(854,154,9,1),(855,154,11,3),(856,154,12,4),(857,154,13,5),(858,154,15,9),(859,154,16,10),(860,154,17,11),(861,154,18,12),(862,155,3,4),(863,155,8,5),(864,155,13,8),(865,155,14,9),(866,155,15,10),(867,155,16,11),(868,155,17,12),(869,156,5,7),(870,156,12,10),(871,157,8,6),(872,157,11,10),(873,157,17,12),(874,158,3,4),(875,158,10,8),(876,158,11,9),(877,158,15,10),(878,158,17,11),(879,158,18,12),(880,159,9,2),(881,159,10,4),(882,159,15,7),(883,159,16,10),(884,159,18,12),(885,160,5,6),(886,160,14,7),(887,160,15,8),(888,160,16,9),(889,160,17,11),(890,160,18,12),(891,161,3,1),(892,161,11,2),(893,161,13,7),(894,161,15,8),(895,161,16,9),(896,161,17,10),(897,161,18,11),(898,162,12,1),(899,162,13,5),(900,162,14,7),(901,162,15,8),(902,162,16,9),(903,162,17,10),(904,162,18,11),(905,163,12,3),(906,163,13,4),(907,163,14,5),(908,163,15,6),(909,163,16,9),(910,163,17,10),(911,163,18,12),(912,164,8,2),(913,164,10,3),(914,164,13,5),(915,164,14,8),(916,164,15,9),(917,164,16,10),(918,164,17,11),(919,164,18,12),(920,165,4,4),(921,165,16,10),(922,165,17,11),(923,165,18,12),(924,166,12,4),(925,166,13,7),(926,166,14,9),(927,166,16,10),(928,166,17,11),(929,166,18,12),(930,167,8,4),(931,167,9,5),(932,167,11,7),(933,167,12,8),(934,167,14,9),(935,167,15,10),(936,167,17,11),(937,167,18,12),(938,168,8,2),(939,168,10,10),(940,168,11,11),(941,168,16,12),(942,169,12,9),(943,169,14,10),(944,169,15,11),(945,169,16,12),(946,170,8,3),(947,170,14,4),(948,170,15,7),(949,170,16,9),(950,170,17,11),(951,170,18,12),(952,171,6,1),(953,171,11,4),(954,171,12,5),(955,171,13,6),(956,171,14,8),(957,171,15,9),(958,171,16,10),(959,171,17,11),(960,171,18,12),(961,172,11,7),(962,172,13,9),(963,172,14,10),(964,172,15,11),(965,172,18,12),(966,173,6,7),(967,173,15,9),(968,173,16,10),(969,173,17,11),(970,173,18,12),(971,174,11,1),(972,174,14,5),(973,174,16,6),(974,174,17,11),(975,174,18,12),(976,175,11,3),(977,175,12,7),(978,175,17,9),(979,175,18,11),(980,176,4,3),(981,176,12,5),(982,176,14,6),(983,176,15,9),(984,176,16,10),(985,176,17,11),(986,176,18,12),(987,177,11,7),(988,177,14,10),(989,178,8,5),(990,178,12,6),(991,178,13,7),(992,178,14,8),(993,178,15,9),(994,178,16,10),(995,178,17,11),(996,178,18,12),(997,179,1,5),(998,179,2,6),(999,179,3,7),(1000,179,14,8),(1001,179,15,9),(1002,179,16,10),(1003,179,17,11),(1004,179,18,12),(1005,180,4,5),(1006,180,9,8),(1007,180,13,10),(1008,181,5,6),(1009,181,7,7),(1010,181,10,8),(1011,181,12,9),(1012,181,16,10),(1013,181,17,11),(1014,181,18,12),(1015,182,16,3),(1016,182,17,10),(1017,182,18,12),(1018,183,2,3),(1019,183,8,4),(1020,183,11,5),(1021,183,12,7),(1022,183,14,8),(1023,183,15,9),(1024,183,16,10),(1025,183,17,11),(1026,183,18,12),(1027,184,9,4),(1028,184,12,6),(1029,184,16,10),(1030,184,17,11),(1031,184,18,12),(1032,185,14,6),(1033,185,16,9),(1034,185,17,11),(1035,185,18,12),(1036,186,10,6),(1037,186,15,7),(1038,186,16,9),(1039,186,17,12),(1040,187,13,8),(1041,187,15,9),(1042,187,16,10),(1043,187,17,11),(1044,187,18,12),(1045,188,11,5),(1046,188,12,7),(1047,188,14,8),(1048,188,15,9),(1049,188,16,10),(1050,188,17,11),(1051,188,18,12),(1052,189,1,1),(1053,189,2,2),(1054,189,3,6),(1055,189,5,7),(1056,189,7,11),(1057,189,9,12),(1058,190,8,3),(1059,190,10,4),(1060,190,11,8),(1061,190,13,9),(1062,190,15,10),(1063,190,16,12),(1064,191,8,3),(1065,191,11,10),(1066,191,13,11),(1067,191,16,12),(1068,192,2,6),(1069,192,11,9),(1070,192,14,10),(1071,192,17,11),(1072,192,18,12),(1073,193,7,4),(1074,193,12,9),(1075,193,14,10),(1076,193,15,11),(1077,193,16,12),(1078,194,12,7),(1079,194,13,8),(1080,194,15,9),(1081,194,16,10),(1082,194,17,11),(1083,194,18,12),(1084,195,8,4),(1085,195,9,5),(1086,195,13,6),(1087,195,14,7),(1088,195,15,9),(1089,195,16,10),(1090,195,17,11),(1091,195,18,12),(1092,196,7,3),(1093,196,8,4),(1094,196,11,8),(1095,196,16,9),(1096,196,17,11),(1097,196,18,12),(1098,197,4,4),(1099,197,6,5),(1100,197,13,9),(1101,197,14,10),(1102,197,17,11),(1103,197,18,12),(1104,198,11,5),(1105,198,13,8),(1106,198,14,11),(1107,198,17,12),(1108,199,2,4),(1109,199,9,6),(1110,199,13,7),(1111,199,14,8),(1112,199,15,9),(1113,199,16,10),(1114,199,17,11),(1115,199,18,12),(1116,200,4,3),(1117,200,8,5),(1118,200,14,11),(1119,200,17,12);
/*!40000 ALTER TABLE `StudentDemand` ENABLE KEYS */;
UNLOCK TABLES;

--
-- Table structure for table `StudentScheduleResult`
--

DROP TABLE IF EXISTS `StudentScheduleResult`;
/*!40101 SET @saved_cs_client     = @@character_set_client */;
/*!40101 SET character_set_client = utf8 */;
CREATE TABLE `StudentScheduleResult` (
  `id` bigint(20) NOT NULL AUTO_INCREMENT,
  `eventLogId` bigint(20) NOT NULL,
  `studentId` int(11) NOT NULL,
  `courseId` int(11) NOT NULL,
  `isAssigned` tinyint(1) NOT NULL,
  PRIMARY KEY (`id`),
  UNIQUE KEY `StudentScheduleResultUniqIdx` (`eventLogId`,`studentId`,`courseId`),
  KEY `StudentScheduleResultStudentIdIdx` (`studentId`),
  KEY `StudentScheduleResultCourseIdIdx` (`courseId`),
  CONSTRAINT `StudentScheduleResultFkCourseId` FOREIGN KEY (`courseId`) REFERENCES `Course` (`id`),
  CONSTRAINT `StudentScheduleResultFkEventLogId` FOREIGN KEY (`eventLogId`) REFERENCES `EventLog` (`id`),
  CONSTRAINT `StudentScheduleResultFkStudentId` FOREIGN KEY (`studentId`) REFERENCES `Student` (`id`)
) ENGINE=InnoDB AUTO_INCREMENT=1307 DEFAULT CHARSET=utf8;
/*!40101 SET character_set_client = @saved_cs_client */;

--
-- Dumping data for table `StudentScheduleResult`
--

LOCK TABLES `StudentScheduleResult` WRITE;
/*!40000 ALTER TABLE `StudentScheduleResult` DISABLE KEYS */;
INSERT INTO `StudentScheduleResult` VALUES (1,13,1,9,1),(2,13,1,14,1),(3,14,1,5,1),(4,14,1,6,1),(5,215,1,4,1),(6,215,1,10,1),(7,215,2,3,1),(8,215,2,12,1),(9,215,3,3,1),(10,215,4,13,1),(11,215,4,14,1),(12,215,5,6,1),(13,215,5,18,1),(14,215,6,8,1),(15,215,6,18,1),(16,215,7,8,1),(17,215,7,12,1),(18,215,8,5,1),(19,215,8,14,1),(20,215,9,5,1),(21,215,9,9,1),(22,215,10,16,1),(23,215,11,3,1),(24,215,11,4,1),(25,215,13,12,1),(26,215,13,18,1),(27,215,14,5,1),(28,215,15,4,1),(29,215,15,12,1),(30,215,16,12,1),(31,215,16,18,1),(32,215,17,10,1),(33,215,18,18,1),(34,215,19,4,1),(35,215,19,18,1),(36,215,20,3,1),(37,215,21,3,1),(38,215,22,12,1),(39,215,22,14,1),(40,215,23,9,1),(41,215,23,10,1),(42,215,24,5,1),(43,215,24,14,1),(44,215,25,13,1),(45,215,26,12,1),(46,215,26,18,1),(47,215,27,3,1),(48,215,27,6,1),(49,215,28,5,1),(50,215,28,16,1),(51,215,29,2,1),(52,215,29,10,1),(53,215,30,2,1),(54,215,30,9,1),(55,215,31,5,1),(56,215,31,12,1),(57,215,32,3,1),(58,215,32,13,1),(59,215,34,4,1),(60,215,35,4,1),(61,215,35,6,1),(62,215,36,3,1),(63,215,36,12,1),(64,215,37,5,1),(65,215,38,3,1),(66,215,38,4,1),(67,215,39,18,1),(68,215,40,2,1),(69,215,40,18,1),(70,215,41,3,1),(71,215,41,13,1),(72,215,42,3,1),(73,215,42,14,1),(74,215,43,18,1),(75,215,44,10,1),(76,215,44,14,1),(77,215,45,6,1),(78,215,45,16,1),(79,215,46,2,1),(80,215,46,5,1),(81,215,47,2,1),(82,215,48,14,1),(83,215,48,18,1),(84,215,49,12,1),(85,215,49,13,1),(86,215,50,5,1),(87,215,51,2,1),(88,215,51,14,1),(89,215,52,14,1),(90,215,53,8,1),(91,215,53,13,1),(92,215,55,6,1),(93,215,55,8,1),(94,215,56,10,1),(95,215,56,12,1),(96,215,57,10,1),(97,215,58,13,1),(98,215,58,18,1),(99,215,59,3,1),(100,215,60,2,1),(101,215,60,16,1),(102,215,61,4,1),(103,215,61,16,1),(104,215,62,3,1),(105,215,63,4,1),(106,215,64,2,1),(107,215,64,6,1),(108,215,65,3,1),(109,215,65,9,1),(110,215,66,3,1),(111,215,66,13,1),(112,215,67,3,1),(113,215,67,12,1),(114,215,68,13,1),(115,215,69,13,1),(116,215,69,18,1),(117,215,70,4,1),(118,215,70,13,1),(119,215,71,4,1),(120,215,71,14,1),(121,215,72,12,1),(122,215,73,3,1),(123,215,73,18,1),(124,215,74,10,1),(125,215,74,18,1),(126,215,75,3,1),(127,215,75,12,1),(128,215,76,6,1),(129,215,76,12,1),(130,215,77,6,1),(131,215,77,12,1),(132,215,78,9,1),(133,215,78,10,1),(134,215,79,2,1),(135,215,79,13,1),(136,215,80,3,1),(137,215,80,13,1),(138,215,81,2,1),(139,215,81,10,1),(140,215,82,2,1),(141,215,82,4,1),(142,215,83,2,1),(143,215,83,10,1),(144,215,84,4,1),(145,215,85,8,1),(146,215,85,9,1),(147,215,86,3,1),(148,215,87,4,1),(149,215,87,10,1),(150,215,88,9,1),(151,215,89,2,1),(152,215,89,10,1),(153,215,90,14,1),(154,215,91,9,1),(155,215,92,4,1),(156,215,92,18,1),(157,215,93,9,1),(158,215,93,16,1),(159,215,94,14,1),(160,215,95,4,1),(161,215,95,6,1),(162,215,96,5,1),(163,215,96,6,1),(164,215,97,13,1),(165,215,98,6,1),(166,215,98,13,1),(167,215,99,18,1),(168,215,100,9,1),(169,215,100,10,1),(170,215,101,6,1),(171,215,102,9,1),(172,215,102,14,1),(173,215,104,8,1),(174,215,104,9,1),(175,215,105,2,1),(176,215,106,2,1),(177,215,106,10,1),(178,215,107,13,1),(179,215,107,14,1),(180,215,108,13,1),(181,215,109,12,1),(182,215,109,14,1),(183,215,110,14,1),(184,215,110,16,1),(185,215,111,9,1),(186,215,111,13,1),(187,215,112,8,1),(188,215,112,14,1),(189,215,114,2,1),(190,215,114,16,1),(191,215,115,9,1),(192,215,115,12,1),(193,215,116,5,1),(194,215,117,16,1),(195,215,118,2,1),(196,215,119,8,1),(197,215,119,12,1),(198,215,120,2,1),(199,215,120,9,1),(200,215,121,9,1),(201,215,122,6,1),(202,215,122,13,1),(203,215,123,13,1),(204,215,123,14,1),(205,215,124,2,1),(206,215,124,3,1),(207,215,125,12,1),(208,215,126,10,1),(209,215,126,12,1),(210,215,127,10,1),(211,215,127,12,1),(212,215,128,6,1),(213,215,129,5,1),(214,215,130,4,1),(215,215,131,13,1),(216,215,132,5,1),(217,215,132,12,1),(218,215,133,9,1),(219,215,133,13,1),(220,215,135,16,1),(221,215,136,5,1),(222,215,136,18,1),(223,215,137,6,1),(224,215,137,9,1),(225,215,138,16,1),(226,215,139,10,1),(227,215,140,14,1),(228,215,141,10,1),(229,215,141,13,1),(230,215,142,2,1),(231,215,142,4,1),(232,215,143,3,1),(233,215,143,5,1),(234,215,144,6,1),(235,215,144,9,1),(236,215,145,2,1),(237,215,145,6,1),(238,215,146,10,1),(239,215,146,18,1),(240,215,147,8,1),(241,215,147,14,1),(242,215,148,9,1),(243,215,148,16,1),(244,215,149,4,1),(245,215,149,14,1),(246,215,150,2,1),(247,215,150,4,1),(248,215,151,3,1),(249,215,152,2,1),(250,215,152,5,1),(251,215,153,9,1),(252,215,153,14,1),(253,215,154,12,1),(254,215,156,18,1),(255,215,157,14,1),(256,215,158,13,1),(257,215,158,14,1),(258,215,159,3,1),(259,215,160,3,1),(260,215,160,18,1),(261,215,161,12,1),(262,215,161,18,1),(263,215,162,14,1),(264,215,162,18,1),(265,215,163,8,1),(266,215,163,18,1),(267,215,164,2,1),(268,215,164,3,1),(269,215,165,4,1),(270,215,165,8,1),(271,215,166,5,1),(272,215,166,16,1),(273,215,167,8,1),(274,215,168,2,1),(275,215,168,6,1),(276,215,169,10,1),(277,215,169,16,1),(278,215,170,6,1),(279,215,170,12,1),(280,215,171,9,1),(281,215,171,10,1),(282,215,172,2,1),(283,215,172,16,1),(284,215,173,10,1),(285,215,173,14,1),(286,215,174,2,1),(287,215,174,3,1),(288,215,175,5,1),(289,215,175,13,1),(290,215,176,12,1),(291,215,177,14,1),(292,215,178,8,1),(293,215,179,8,1),(294,215,180,9,1),(295,215,180,18,1),(296,215,181,2,1),(297,215,181,18,1),(298,215,182,4,1),(299,215,182,6,1),(300,215,183,4,1),(301,215,183,10,1),(302,215,184,13,1),(303,215,184,16,1),(304,215,185,6,1),(305,215,185,13,1),(306,215,186,9,1),(307,215,186,13,1),(308,215,187,2,1),(309,215,187,4,1),(310,215,188,5,1),(311,215,188,9,1),(312,215,189,3,1),(313,215,189,13,1),(314,215,190,6,1),(315,215,191,3,1),(316,215,192,5,1),(317,215,192,9,1),(318,215,193,5,1),(319,215,193,14,1),(320,215,194,6,1),(321,215,194,8,1),(322,215,195,9,1),(323,215,196,6,1),(324,215,197,5,1),(325,215,197,8,1),(326,215,198,13,1),(327,215,198,16,1),(328,215,199,12,1),(329,215,199,14,1),(330,216,1,3,1),(331,216,1,14,1),(332,216,2,3,1),(333,216,2,12,1),(334,216,3,3,1),(335,216,4,13,1),(336,216,4,14,1),(337,216,5,6,1),(338,216,5,18,1),(339,216,6,8,1),(340,216,6,18,1),(341,216,7,8,1),(342,216,7,12,1),(343,216,8,5,1),(344,216,8,14,1),(345,216,9,5,1),(346,216,9,9,1),(347,216,10,16,1),(348,216,11,3,1),(349,216,11,4,1),(350,216,13,12,1),(351,216,13,18,1),(352,216,14,5,1),(353,216,15,4,1),(354,216,15,12,1),(355,216,16,12,1),(356,216,16,18,1),(357,216,17,10,1),(358,216,18,18,1),(359,216,19,4,1),(360,216,19,18,1),(361,216,20,3,1),(362,216,21,3,1),(363,216,22,12,1),(364,216,22,14,1),(365,216,23,9,1),(366,216,23,10,1),(367,216,24,5,1),(368,216,24,14,1),(369,216,25,13,1),(370,216,26,12,1),(371,216,26,18,1),(372,216,27,3,1),(373,216,27,6,1),(374,216,28,5,1),(375,216,28,16,1),(376,216,29,2,1),(377,216,29,10,1),(378,216,30,2,1),(379,216,30,9,1),(380,216,31,5,1),(381,216,31,12,1),(382,216,32,3,1),(383,216,32,13,1),(384,216,34,4,1),(385,216,35,4,1),(386,216,35,6,1),(387,216,36,3,1),(388,216,36,12,1),(389,216,37,5,1),(390,216,38,3,1),(391,216,38,4,1),(392,216,39,18,1),(393,216,40,2,1),(394,216,40,18,1),(395,216,41,3,1),(396,216,41,13,1),(397,216,42,3,1),(398,216,42,14,1),(399,216,43,18,1),(400,216,44,10,1),(401,216,44,14,1),(402,216,45,6,1),(403,216,45,16,1),(404,216,46,2,1),(405,216,46,5,1),(406,216,47,2,1),(407,216,48,14,1),(408,216,48,18,1),(409,216,49,12,1),(410,216,49,13,1),(411,216,50,5,1),(412,216,51,2,1),(413,216,51,14,1),(414,216,52,14,1),(415,216,53,8,1),(416,216,53,13,1),(417,216,55,6,1),(418,216,55,8,1),(419,216,56,10,1),(420,216,56,12,1),(421,216,57,10,1),(422,216,58,13,1),(423,216,58,18,1),(424,216,59,3,1),(425,216,60,2,1),(426,216,60,16,1),(427,216,61,4,1),(428,216,61,16,1),(429,216,62,3,1),(430,216,63,4,1),(431,216,64,2,1),(432,216,64,6,1),(433,216,65,3,1),(434,216,65,9,1),(435,216,66,3,1),(436,216,66,13,1),(437,216,67,3,1),(438,216,67,12,1),(439,216,68,13,1),(440,216,69,13,1),(441,216,69,18,1),(442,216,70,4,1),(443,216,70,13,1),(444,216,71,4,1),(445,216,71,14,1),(446,216,72,12,1),(447,216,73,3,1),(448,216,73,18,1),(449,216,74,10,1),(450,216,74,18,1),(451,216,75,3,1),(452,216,75,12,1),(453,216,76,6,1),(454,216,76,12,1),(455,216,77,6,1),(456,216,77,12,1),(457,216,78,9,1),(458,216,78,10,1),(459,216,79,2,1),(460,216,79,13,1),(461,216,80,3,1),(462,216,80,13,1),(463,216,81,2,1),(464,216,81,10,1),(465,216,82,2,1),(466,216,82,4,1),(467,216,83,2,1),(468,216,83,10,1),(469,216,84,4,1),(470,216,85,8,1),(471,216,85,9,1),(472,216,86,3,1),(473,216,87,4,1),(474,216,87,10,1),(475,216,88,9,1),(476,216,89,2,1),(477,216,89,10,1),(478,216,90,14,1),(479,216,91,9,1),(480,216,92,4,1),(481,216,92,18,1),(482,216,93,9,1),(483,216,93,16,1),(484,216,94,14,1),(485,216,95,4,1),(486,216,95,6,1),(487,216,96,5,1),(488,216,96,6,1),(489,216,97,13,1),(490,216,98,6,1),(491,216,98,13,1),(492,216,99,18,1),(493,216,100,9,1),(494,216,100,10,1),(495,216,101,6,1),(496,216,102,9,1),(497,216,102,14,1),(498,216,104,8,1),(499,216,104,9,1),(500,216,105,2,1),(501,216,106,2,1),(502,216,106,10,1),(503,216,107,13,1),(504,216,107,14,1),(505,216,108,13,1),(506,216,109,12,1),(507,216,109,14,1),(508,216,110,14,1),(509,216,110,16,1),(510,216,111,9,1),(511,216,111,13,1),(512,216,112,8,1),(513,216,112,14,1),(514,216,114,2,1),(515,216,114,16,1),(516,216,115,9,1),(517,216,115,12,1),(518,216,116,5,1),(519,216,117,16,1),(520,216,118,2,1),(521,216,119,8,1),(522,216,119,12,1),(523,216,120,2,1),(524,216,120,9,1),(525,216,121,9,1),(526,216,122,6,1),(527,216,122,13,1),(528,216,123,13,1),(529,216,123,14,1),(530,216,124,2,1),(531,216,124,3,1),(532,216,125,12,1),(533,216,126,10,1),(534,216,126,12,1),(535,216,127,10,1),(536,216,127,12,1),(537,216,128,6,1),(538,216,129,5,1),(539,216,130,4,1),(540,216,131,13,1),(541,216,132,5,1),(542,216,132,12,1),(543,216,133,9,1),(544,216,133,13,1),(545,216,135,16,1),(546,216,136,5,1),(547,216,136,18,1),(548,216,137,6,1),(549,216,137,9,1),(550,216,138,16,1),(551,216,139,10,1),(552,216,140,14,1),(553,216,141,10,1),(554,216,141,13,1),(555,216,142,2,1),(556,216,142,4,1),(557,216,143,3,1),(558,216,143,5,1),(559,216,144,6,1),(560,216,144,9,1),(561,216,145,2,1),(562,216,145,6,1),(563,216,146,10,1),(564,216,146,18,1),(565,216,147,8,1),(566,216,147,14,1),(567,216,148,9,1),(568,216,148,16,1),(569,216,149,4,1),(570,216,149,14,1),(571,216,150,2,1),(572,216,150,4,1),(573,216,151,3,1),(574,216,152,2,1),(575,216,152,5,1),(576,216,153,9,1),(577,216,153,14,1),(578,216,154,12,1),(579,216,156,18,1),(580,216,157,14,1),(581,216,158,13,1),(582,216,158,14,1),(583,216,159,3,1),(584,216,160,3,1),(585,216,160,18,1),(586,216,161,12,1),(587,216,161,18,1),(588,216,162,14,1),(589,216,162,18,1),(590,216,163,8,1),(591,216,163,18,1),(592,216,164,2,1),(593,216,164,3,1),(594,216,165,4,1),(595,216,165,8,1),(596,216,166,5,1),(597,216,166,16,1),(598,216,167,8,1),(599,216,168,2,1),(600,216,168,6,1),(601,216,169,10,1),(602,216,169,16,1),(603,216,170,6,1),(604,216,170,12,1),(605,216,171,9,1),(606,216,171,10,1),(607,216,172,2,1),(608,216,172,16,1),(609,216,173,10,1),(610,216,173,14,1),(611,216,174,2,1),(612,216,174,3,1),(613,216,175,5,1),(614,216,175,13,1),(615,216,176,12,1),(616,216,177,14,1),(617,216,178,8,1),(618,216,179,8,1),(619,216,180,9,1),(620,216,180,18,1),(621,216,181,2,1),(622,216,181,18,1),(623,216,182,4,1),(624,216,182,6,1),(625,216,183,4,1),(626,216,183,10,1),(627,216,184,13,1),(628,216,184,16,1),(629,216,185,6,1),(630,216,185,13,1),(631,216,186,9,1),(632,216,186,13,1),(633,216,187,2,1),(634,216,187,4,1),(635,216,188,5,1),(636,216,188,9,1),(637,216,189,3,1),(638,216,189,13,1),(639,216,190,6,1),(640,216,191,3,1),(641,216,192,5,1),(642,216,192,9,1),(643,216,193,5,1),(644,216,193,14,1),(645,216,194,6,1),(646,216,194,8,1),(647,216,195,9,1),(648,216,196,6,1),(649,216,197,5,1),(650,216,197,8,1),(651,216,198,13,1),(652,216,198,16,1),(653,216,199,12,1),(654,216,199,14,1),(655,217,1,3,1),(656,217,1,14,1),(657,217,2,3,1),(658,217,2,12,1),(659,217,3,2,1),(660,217,3,8,1),(661,217,4,13,1),(662,217,4,14,1),(663,217,5,6,1),(664,217,5,18,1),(665,217,6,8,1),(666,217,6,18,1),(667,217,7,8,1),(668,217,7,12,1),(669,217,8,5,1),(670,217,8,14,1),(671,217,9,5,1),(672,217,9,9,1),(673,217,10,16,1),(674,217,11,3,1),(675,217,11,4,1),(676,217,13,12,1),(677,217,13,18,1),(678,217,14,5,1),(679,217,15,4,1),(680,217,15,12,1),(681,217,16,12,1),(682,217,16,18,1),(683,217,17,10,1),(684,217,18,18,1),(685,217,19,4,1),(686,217,19,18,1),(687,217,20,3,1),(688,217,21,3,1),(689,217,22,12,1),(690,217,22,14,1),(691,217,23,9,1),(692,217,23,10,1),(693,217,24,5,1),(694,217,24,14,1),(695,217,25,13,1),(696,217,26,12,1),(697,217,26,18,1),(698,217,27,3,1),(699,217,27,6,1),(700,217,28,5,1),(701,217,28,16,1),(702,217,29,2,1),(703,217,29,10,1),(704,217,30,2,1),(705,217,30,9,1),(706,217,31,5,1),(707,217,31,12,1),(708,217,32,3,1),(709,217,32,13,1),(710,217,34,4,1),(711,217,35,4,1),(712,217,35,6,1),(713,217,36,3,1),(714,217,36,12,1),(715,217,37,5,1),(716,217,38,3,1),(717,217,38,4,1),(718,217,39,18,1),(719,217,40,2,1),(720,217,40,18,1),(721,217,41,3,1),(722,217,41,13,1),(723,217,42,3,1),(724,217,42,14,1),(725,217,43,18,1),(726,217,44,10,1),(727,217,44,14,1),(728,217,45,6,1),(729,217,45,16,1),(730,217,46,2,1),(731,217,46,5,1),(732,217,47,2,1),(733,217,48,14,1),(734,217,48,18,1),(735,217,49,12,1),(736,217,49,13,1),(737,217,50,5,1),(738,217,51,2,1),(739,217,51,14,1),(740,217,52,14,1),(741,217,53,8,1),(742,217,53,13,1),(743,217,55,6,1),(744,217,55,8,1),(745,217,56,10,1),(746,217,56,12,1),(747,217,57,10,1),(748,217,58,13,1),(749,217,58,18,1),(750,217,59,3,1),(751,217,60,2,1),(752,217,60,16,1),(753,217,61,4,1),(754,217,61,16,1),(755,217,62,3,1),(756,217,63,4,1),(757,217,64,2,1),(758,217,64,6,1),(759,217,65,3,1),(760,217,65,9,1),(761,217,66,3,1),(762,217,66,13,1),(763,217,67,3,1),(764,217,67,12,1),(765,217,68,13,1),(766,217,69,13,1),(767,217,69,18,1),(768,217,70,4,1),(769,217,70,13,1),(770,217,71,4,1),(771,217,71,14,1),(772,217,72,12,1),(773,217,73,3,1),(774,217,73,18,1),(775,217,74,10,1),(776,217,74,18,1),(777,217,75,3,1),(778,217,75,12,1),(779,217,76,6,1),(780,217,76,12,1),(781,217,77,6,1),(782,217,77,12,1),(783,217,78,9,1),(784,217,78,10,1),(785,217,79,2,1),(786,217,79,13,1),(787,217,80,3,1),(788,217,80,13,1),(789,217,81,2,1),(790,217,81,10,1),(791,217,82,2,1),(792,217,82,4,1),(793,217,83,2,1),(794,217,83,10,1),(795,217,84,4,1),(796,217,85,8,1),(797,217,85,9,1),(798,217,86,3,1),(799,217,87,4,1),(800,217,87,10,1),(801,217,88,9,1),(802,217,89,2,1),(803,217,89,10,1),(804,217,90,14,1),(805,217,91,9,1),(806,217,92,4,1),(807,217,92,18,1),(808,217,93,9,1),(809,217,93,16,1),(810,217,94,14,1),(811,217,95,4,1),(812,217,95,6,1),(813,217,96,5,1),(814,217,96,6,1),(815,217,97,13,1),(816,217,98,6,1),(817,217,98,13,1),(818,217,99,18,1),(819,217,100,9,1),(820,217,100,10,1),(821,217,101,6,1),(822,217,102,9,1),(823,217,102,14,1),(824,217,104,8,1),(825,217,104,9,1),(826,217,105,2,1),(827,217,106,2,1),(828,217,106,10,1),(829,217,107,13,1),(830,217,107,14,1),(831,217,108,13,1),(832,217,109,12,1),(833,217,109,14,1),(834,217,110,14,1),(835,217,110,16,1),(836,217,111,9,1),(837,217,111,13,1),(838,217,112,8,1),(839,217,112,14,1),(840,217,114,2,1),(841,217,114,16,1),(842,217,115,9,1),(843,217,115,12,1),(844,217,116,5,1),(845,217,117,16,1),(846,217,118,2,1),(847,217,119,8,1),(848,217,119,12,1),(849,217,120,2,1),(850,217,120,9,1),(851,217,121,9,1),(852,217,122,6,1),(853,217,122,13,1),(854,217,123,13,1),(855,217,123,14,1),(856,217,124,2,1),(857,217,124,3,1),(858,217,125,12,1),(859,217,126,10,1),(860,217,126,12,1),(861,217,127,10,1),(862,217,127,12,1),(863,217,128,6,1),(864,217,129,5,1),(865,217,130,4,1),(866,217,131,13,1),(867,217,132,5,1),(868,217,132,12,1),(869,217,133,9,1),(870,217,133,13,1),(871,217,135,16,1),(872,217,136,5,1),(873,217,136,18,1),(874,217,137,6,1),(875,217,137,9,1),(876,217,138,16,1),(877,217,139,10,1),(878,217,140,14,1),(879,217,141,10,1),(880,217,141,13,1),(881,217,142,2,1),(882,217,142,4,1),(883,217,143,3,1),(884,217,143,5,1),(885,217,144,6,1),(886,217,144,9,1),(887,217,145,2,1),(888,217,145,6,1),(889,217,146,10,1),(890,217,146,18,1),(891,217,147,8,1),(892,217,147,14,1),(893,217,148,9,1),(894,217,148,16,1),(895,217,149,4,1),(896,217,149,14,1),(897,217,150,2,1),(898,217,150,4,1),(899,217,151,3,1),(900,217,152,2,1),(901,217,152,5,1),(902,217,153,9,1),(903,217,153,14,1),(904,217,154,12,1),(905,217,156,18,1),(906,217,157,14,1),(907,217,158,13,1),(908,217,158,14,1),(909,217,159,3,1),(910,217,160,3,1),(911,217,160,18,1),(912,217,161,12,1),(913,217,161,18,1),(914,217,162,14,1),(915,217,162,18,1),(916,217,163,8,1),(917,217,163,18,1),(918,217,164,2,1),(919,217,164,3,1),(920,217,165,4,1),(921,217,165,8,1),(922,217,166,5,1),(923,217,166,16,1),(924,217,167,8,1),(925,217,168,2,1),(926,217,168,6,1),(927,217,169,10,1),(928,217,169,16,1),(929,217,170,6,1),(930,217,170,12,1),(931,217,171,9,1),(932,217,171,10,1),(933,217,172,2,1),(934,217,172,16,1),(935,217,173,10,1),(936,217,173,14,1),(937,217,174,2,1),(938,217,174,3,1),(939,217,175,5,1),(940,217,175,13,1),(941,217,176,12,1),(942,217,177,14,1),(943,217,178,8,1),(944,217,179,8,1),(945,217,180,9,1),(946,217,180,18,1),(947,217,181,2,1),(948,217,181,18,1),(949,217,182,4,1),(950,217,182,6,1),(951,217,183,4,1),(952,217,183,10,1),(953,217,184,13,1),(954,217,184,16,1),(955,217,185,6,1),(956,217,185,13,1),(957,217,186,9,1),(958,217,186,13,1),(959,217,187,2,1),(960,217,187,4,1),(961,217,188,5,1),(962,217,188,9,1),(963,217,189,3,1),(964,217,189,13,1),(965,217,190,6,1),(966,217,191,3,1),(967,217,192,5,1),(968,217,192,9,1),(969,217,193,5,1),(970,217,193,14,1),(971,217,194,6,1),(972,217,194,8,1),(973,217,195,9,1),(974,217,196,6,1),(975,217,197,5,1),(976,217,197,8,1),(977,217,198,13,1),(978,217,198,16,1),(979,217,199,12,1),(980,217,199,14,1),(981,218,1,3,1),(982,218,1,14,1),(983,218,2,3,1),(984,218,2,12,1),(985,218,3,2,1),(986,218,3,5,1),(987,218,4,13,1),(988,218,4,14,1),(989,218,5,6,1),(990,218,5,18,1),(991,218,6,8,1),(992,218,6,18,1),(993,218,7,8,1),(994,218,7,12,1),(995,218,8,5,1),(996,218,8,14,1),(997,218,9,5,1),(998,218,9,9,1),(999,218,10,16,1),(1000,218,11,3,1),(1001,218,11,4,1),(1002,218,13,12,1),(1003,218,13,18,1),(1004,218,14,5,1),(1005,218,15,4,1),(1006,218,15,12,1),(1007,218,16,12,1),(1008,218,16,18,1),(1009,218,17,10,1),(1010,218,18,18,1),(1011,218,19,4,1),(1012,218,19,18,1),(1013,218,20,3,1),(1014,218,21,3,1),(1015,218,22,12,1),(1016,218,22,14,1),(1017,218,23,9,1),(1018,218,23,10,1),(1019,218,24,5,1),(1020,218,24,14,1),(1021,218,25,13,1),(1022,218,26,12,1),(1023,218,26,18,1),(1024,218,27,3,1),(1025,218,27,6,1),(1026,218,28,5,1),(1027,218,28,16,1),(1028,218,29,2,1),(1029,218,29,10,1),(1030,218,30,2,1),(1031,218,30,9,1),(1032,218,31,5,1),(1033,218,31,12,1),(1034,218,32,3,1),(1035,218,32,13,1),(1036,218,34,4,1),(1037,218,35,4,1),(1038,218,35,6,1),(1039,218,36,3,1),(1040,218,36,12,1),(1041,218,37,5,1),(1042,218,38,3,1),(1043,218,38,4,1),(1044,218,39,18,1),(1045,218,40,2,1),(1046,218,40,18,1),(1047,218,41,3,1),(1048,218,41,13,1),(1049,218,42,3,1),(1050,218,42,14,1),(1051,218,43,18,1),(1052,218,44,10,1),(1053,218,44,14,1),(1054,218,45,6,1),(1055,218,45,16,1),(1056,218,46,2,1),(1057,218,46,5,1),(1058,218,47,2,1),(1059,218,48,14,1),(1060,218,48,18,1),(1061,218,49,12,1),(1062,218,49,13,1),(1063,218,50,5,1),(1064,218,51,2,1),(1065,218,51,14,1),(1066,218,52,14,1),(1067,218,53,8,1),(1068,218,53,13,1),(1069,218,55,6,1),(1070,218,55,8,1),(1071,218,56,10,1),(1072,218,56,12,1),(1073,218,57,10,1),(1074,218,58,13,1),(1075,218,58,18,1),(1076,218,59,3,1),(1077,218,60,2,1),(1078,218,60,16,1),(1079,218,61,4,1),(1080,218,61,16,1),(1081,218,62,3,1),(1082,218,63,4,1),(1083,218,64,2,1),(1084,218,64,6,1),(1085,218,65,3,1),(1086,218,65,9,1),(1087,218,66,3,1),(1088,218,66,13,1),(1089,218,67,3,1),(1090,218,67,12,1),(1091,218,68,13,1),(1092,218,69,13,1),(1093,218,69,18,1),(1094,218,70,4,1),(1095,218,70,13,1),(1096,218,71,4,1),(1097,218,71,14,1),(1098,218,72,12,1),(1099,218,73,3,1),(1100,218,73,18,1),(1101,218,74,10,1),(1102,218,74,18,1),(1103,218,75,3,1),(1104,218,75,12,1),(1105,218,76,6,1),(1106,218,76,12,1),(1107,218,77,6,1),(1108,218,77,12,1),(1109,218,78,9,1),(1110,218,78,10,1),(1111,218,79,2,1),(1112,218,79,13,1),(1113,218,80,3,1),(1114,218,80,13,1),(1115,218,81,2,1),(1116,218,81,10,1),(1117,218,82,2,1),(1118,218,82,4,1),(1119,218,83,2,1),(1120,218,83,10,1),(1121,218,84,4,1),(1122,218,85,8,1),(1123,218,85,9,1),(1124,218,86,3,1),(1125,218,87,4,1),(1126,218,87,10,1),(1127,218,88,9,1),(1128,218,89,2,1),(1129,218,89,10,1),(1130,218,90,14,1),(1131,218,91,9,1),(1132,218,92,4,1),(1133,218,92,18,1),(1134,218,93,9,1),(1135,218,93,16,1),(1136,218,94,14,1),(1137,218,95,4,1),(1138,218,95,6,1),(1139,218,96,5,1),(1140,218,96,6,1),(1141,218,97,13,1),(1142,218,98,6,1),(1143,218,98,13,1),(1144,218,99,18,1),(1145,218,100,9,1),(1146,218,100,10,1),(1147,218,101,6,1),(1148,218,102,9,1),(1149,218,102,14,1),(1150,218,104,8,1),(1151,218,104,9,1),(1152,218,105,2,1),(1153,218,106,2,1),(1154,218,106,10,1),(1155,218,107,13,1),(1156,218,107,14,1),(1157,218,108,13,1),(1158,218,109,12,1),(1159,218,109,14,1),(1160,218,110,14,1),(1161,218,110,16,1),(1162,218,111,9,1),(1163,218,111,13,1),(1164,218,112,8,1),(1165,218,112,14,1),(1166,218,114,2,1),(1167,218,114,16,1),(1168,218,115,9,1),(1169,218,115,12,1),(1170,218,116,5,1),(1171,218,117,16,1),(1172,218,118,2,1),(1173,218,119,8,1),(1174,218,119,12,1),(1175,218,120,2,1),(1176,218,120,9,1),(1177,218,121,9,1),(1178,218,122,6,1),(1179,218,122,13,1),(1180,218,123,13,1),(1181,218,123,14,1),(1182,218,124,2,1),(1183,218,124,3,1),(1184,218,125,12,1),(1185,218,126,10,1),(1186,218,126,12,1),(1187,218,127,10,1),(1188,218,127,12,1),(1189,218,128,6,1),(1190,218,129,5,1),(1191,218,130,4,1),(1192,218,131,13,1),(1193,218,132,5,1),(1194,218,132,12,1),(1195,218,133,9,1),(1196,218,133,13,1),(1197,218,135,16,1),(1198,218,136,5,1),(1199,218,136,18,1),(1200,218,137,6,1),(1201,218,137,9,1),(1202,218,138,16,1),(1203,218,139,10,1),(1204,218,140,14,1),(1205,218,141,10,1),(1206,218,141,13,1),(1207,218,142,2,1),(1208,218,142,4,1),(1209,218,143,3,1),(1210,218,143,5,1),(1211,218,144,6,1),(1212,218,144,9,1),(1213,218,145,2,1),(1214,218,145,6,1),(1215,218,146,10,1),(1216,218,146,18,1),(1217,218,147,8,1),(1218,218,147,14,1),(1219,218,148,9,1),(1220,218,148,16,1),(1221,218,149,4,1),(1222,218,149,14,1),(1223,218,150,2,1),(1224,218,150,4,1),(1225,218,151,3,1),(1226,218,152,2,1),(1227,218,152,5,1),(1228,218,153,9,1),(1229,218,153,14,1),(1230,218,154,12,1),(1231,218,156,18,1),(1232,218,157,14,1),(1233,218,158,13,1),(1234,218,158,14,1),(1235,218,159,3,1),(1236,218,160,3,1),(1237,218,160,18,1),(1238,218,161,12,1),(1239,218,161,18,1),(1240,218,162,14,1),(1241,218,162,18,1),(1242,218,163,8,1),(1243,218,163,18,1),(1244,218,164,2,1),(1245,218,164,3,1),(1246,218,165,4,1),(1247,218,165,8,1),(1248,218,166,5,1),(1249,218,166,16,1),(1250,218,167,8,1),(1251,218,168,2,1),(1252,218,168,6,1),(1253,218,169,10,1),(1254,218,169,16,1),(1255,218,170,6,1),(1256,218,170,12,1),(1257,218,171,9,1),(1258,218,171,10,1),(1259,218,172,2,1),(1260,218,172,16,1),(1261,218,173,10,1),(1262,218,173,14,1),(1263,218,174,2,1),(1264,218,174,3,1),(1265,218,175,5,1),(1266,218,175,13,1),(1267,218,176,12,1),(1268,218,177,14,1),(1269,218,178,8,1),(1270,218,179,8,1),(1271,218,180,9,1),(1272,218,180,18,1),(1273,218,181,2,1),(1274,218,181,18,1),(1275,218,182,4,1),(1276,218,182,6,1),(1277,218,183,4,1),(1278,218,183,10,1),(1279,218,184,13,1),(1280,218,184,16,1),(1281,218,185,6,1),(1282,218,185,13,1),(1283,218,186,9,1),(1284,218,186,13,1),(1285,218,187,2,1),(1286,218,187,4,1),(1287,218,188,5,1),(1288,218,188,9,1),(1289,218,189,3,1),(1290,218,189,13,1),(1291,218,190,6,1),(1292,218,191,3,1),(1293,218,192,5,1),(1294,218,192,9,1),(1295,218,193,5,1),(1296,218,193,14,1),(1297,218,194,6,1),(1298,218,194,8,1),(1299,218,195,9,1),(1300,218,196,6,1),(1301,218,197,5,1),(1302,218,197,8,1),(1303,218,198,13,1),(1304,218,198,16,1),(1305,218,199,12,1),(1306,218,199,14,1);
/*!40000 ALTER TABLE `StudentScheduleResult` ENABLE KEYS */;
UNLOCK TABLES;
/*!40103 SET TIME_ZONE=@OLD_TIME_ZONE */;

/*!40101 SET SQL_MODE=@OLD_SQL_MODE */;
/*!40014 SET FOREIGN_KEY_CHECKS=@OLD_FOREIGN_KEY_CHECKS */;
/*!40014 SET UNIQUE_CHECKS=@OLD_UNIQUE_CHECKS */;
/*!40101 SET CHARACTER_SET_CLIENT=@OLD_CHARACTER_SET_CLIENT */;
/*!40101 SET CHARACTER_SET_RESULTS=@OLD_CHARACTER_SET_RESULTS */;
/*!40101 SET COLLATION_CONNECTION=@OLD_COLLATION_CONNECTION */;
/*!40111 SET SQL_NOTES=@OLD_SQL_NOTES */;

-- Dump completed on 2016-04-24 14:23:14
